lambda_nm,irradiancia_W_m2_nm
200.05,0.0066456
200.95,0.007078
201.05,0.0076046
201.95,0.0078443
202.05,0.0079864
202.95,0.008176
203.05,0.0084469
203.95,0.0080897
204.05,0.0080521
204.95,0.0098211
205.05,0.010027
205.95,0.0098893
206.05,0.010646
206.95,0.010425
207.05,0.010876
207.95,0.012217
208.05,0.013073
208.95,0.014551
209.05,0.014404
209.95,0.020359
210.05,0.016812
210.95,0.016287
211.05,0.018726
211.95,0.033417
212.05,0.050901
212.95,0.036083
213.05,0.02206
213.95,0.018789
214.05,0.027929
214.95,0.04057
215.05,0.046333
215.95,0.020254
216.05,0.032033
216.95,0.025386
217.05,0.027741
217.95,0.038607
218.05,0.052249
218.95,0.033469
219.05,0.042952
219.95,0.055523
220.05,0.04155
220.95,0.035922
221.05,0.030045
221.95,0.042138
222.05,0.049283
222.95,0.053096
223.05,0.045213
223.95,0.052016
224.05,0.070394
224.95,0.043451
225.05,0.05165
225.95,0.057299
226.05,0.032105
226.95,0.026082
227.05,0.028066
227.95,0.043763
228.05,0.037129
228.95,0.051142
229.05,0.036761
229.95,0.033382
230.05,0.036507
230.95,0.049662
231.05,0.039592
231.95,0.053562
232.05,0.025238
232.95,0.054964
233.05,0.051108
233.95,0.027958
234.05,0.03602
234.95,0.030432
235.05,0.049208
235.95,0.036541
236.05,0.024878
236.95,0.04225
237.05,0.05222
237.95,0.034801
238.05,0.035918
238.95,0.023312
239.05,0.044453
239.95,0.028405
240.05,0.033552
240.95,0.045764
241.05,0.03695
241.95,0.061533
242.05,0.062869
242.95,0.055055
243.05,0.065627
243.95,0.053708
244.05,0.048888
244.95,0.050318
245.05,0.04706
245.95,0.044201
246.05,0.048306
246.95,0.053006
247.05,0.050613
247.95,0.045019
248.05,0.034894
248.95,0.034319
249.05,0.030216
249.95,0.064343
250.05,0.077712
250.95,0.062188
251.05,0.068104
251.95,0.035215
252.05,0.040417
252.95,0.026388
253.05,0.035377
253.95,0.043128
254.05,0.061124
254.95,0.044777
255.05,0.043549
255.95,0.099496
256.05,0.087437
256.95,0.11565
257.05,0.13583
257.95,0.1333
258.05,0.15682
258.95,0.14903
259.05,0.19088
259.95,0.033108
260.05,0.036978
260.95,0.089076
261.05,0.10071
261.95,0.094863
262.05,0.12998
262.95,0.074848
263.05,0.086081
263.95,0.28575
264.05,0.22025
264.95,0.149
265.05,0.19999
265.95,0.22863
266.05,0.28378
266.95,0.2311
267.05,0.17967
267.95,0.17032
268.05,0.21802
268.95,0.2243
269.05,0.1665
269.95,0.18761
270.05,0.32965
270.95,0.20187
271.05,0.26817
271.95,0.087761
272.05,0.11707
272.95,0.27405
273.05,0.35356
273.95,0.16107
274.05,0.088352
274.95,0.098843
275.05,0.067902
275.95,0.34253
276.05,0.23799
276.95,0.18968
277.05,0.23163
277.95,0.16321
278.05,0.14441
278.95,0.12862
279.05,0.10844
279.95,0.066152
280.05,0.077165
280.95,0.13972
281.05,0.16323
281.95,0.26138
282.05,0.27489
282.95,0.30211
283.05,0.36454
283.95,0.33594
284.05,0.31908
284.95,0.13088
285.05,0.10615
285.95,0.22285
286.05,0.32854
286.95,0.28216
287.05,0.30091
287.95,0.27226
288.05,0.23554
288.95,0.41612
289.05,0.36484
289.95,0.52007
290.05,0.60851
290.95,0.53403
291.05,0.5613
291.95,0.52064
292.05,0.58067
292.95,0.29326
293.05,0.5876
293.95,0.46502
294.05,0.52683
294.95,0.32671
295.05,0.43173
295.95,0.71152
296.05,0.53951
296.95,0.5001
297.05,0.29076
297.95,0.62431
298.05,0.5145
298.95,0.52892
299.05,0.66076
299.95,0.49393
300.05,0.26839
300.95,0.35646
301.05,0.39979
301.95,0.35064
302.05,0.29621
302.95,0.72036
303.05,0.59162
303.95,0.62789
304.05,0.69723
304.95,0.58981
305.05,0.80562
305.95,0.33207
306.05,0.43326
306.95,0.63591
307.05,0.76092
307.95,0.56677
308.05,0.79506
308.95,0.65756
309.05,0.57931
309.95,0.60686
310.05,0.51376
310.95,0.67152
311.05,0.67957
311.95,0.66068
312.05,0.65364
312.95,0.64648
313.05,0.65166
313.95,0.66327
314.05,0.66254
314.95,0.63001
315.05,0.62584
315.95,0.58806
316.05,0.59051
316.95,0.67595
317.05,0.68516
317.95,0.6871
318.05,0.6787
318.95,0.65464
319.05,0.65795
319.95,0.7266
320.05,0.73097
320.95,0.72486
321.05,0.71783
321.95,0.67408
322.05,0.67103
322.95,0.64654
323.05,0.64645
323.95,0.6835
324.05,0.69164
324.95,0.78374
325.05,0.79437
325.95,0.90216
326.05,0.91081
326.95,0.94153
327.05,0.94016
327.95,0.91224
328.05,0.9117
328.95,0.95313
329.05,0.96185
329.95,1.01
330.05,1.0095
330.95,0.96711
331.05,0.96177
331.95,0.93591
332.05,0.93426
332.95,0.91607
333.05,0.91512
333.95,0.9147
334.05,0.91842
334.95,0.92584
335.05,0.92394
335.95,0.86647
336.05,0.85719
336.95,0.82325
337.05,0.82262
337.95,0.87007
338.05,0.87527
338.95,0.93414
339.05,0.93962
339.95,0.975
340.05,0.97638
340.95,0.9637
341.05,0.96187
341.95,0.96208
342.05,0.96446
342.95,0.95418
343.05,0.94919
343.95,0.88971
344.05,0.88295
344.95,0.87303
345.05,0.87669
345.95,0.91323
346.05,0.91583
346.95,0.92469
347.05,0.92381
347.95,0.90527
348.05,0.90479
348.95,0.91355
349.05,0.91683
349.95,0.96382
350.05,0.97049
350.95,0.99664
351.05,0.99446
351.95,0.97864
352.05,0.97668
352.95,0.98848
353.05,0.99595
353.95,1.0595
354.05,1.0649
354.95,1.0846
355.05,1.0802
355.95,1.0063
356.05,0.99684
356.95,0.88144
357.05,0.86998
357.95,0.8185
358.05,0.81803
358.95,0.86866
359.05,0.87898
359.95,0.95537
360.05,0.95904
360.95,0.96482
361.05,0.96474
361.95,0.9569
362.05,0.95884
362.95,0.99733
363.05,0.99961
363.95,1.0347
364.05,1.0408
364.95,1.0924
365.05,1.0994
365.95,1.1781
366.05,1.1832
366.95,1.1991
367.05,1.1995
367.95,1.1887
368.05,1.1875
368.95,1.1824
369.05,1.1842
369.95,1.2021
370.05,1.2005
370.95,1.1786
371.05,1.1756
371.95,1.115
372.05,1.1061
372.95,1.0296
373.05,1.022
373.95,0.97362
374.05,0.97191
374.95,0.98766
375.05,0.99278
375.95,1.0757
376.05,1.0869
376.95,1.1791
377.05,1.1887
377.95,1.2399
378.05,1.2414
378.95,1.2323
379.05,1.2286
379.95,1.1806
380.05,1.1741
380.95,1.0991
381.05,1.0876
381.95,0.96576
382.05,0.95351
382.95,0.87013
383.05,0.8643
383.95,0.85732
384.05,0.86303
384.95,0.92994
385.05,0.93677
385.95,0.97872
386.05,0.98174
386.95,0.99842
387.05,0.99961
387.95,1.0205
388.05,1.0244
388.95,1.0845
389.05,1.0936
389.95,1.1701
390.05,1.1762
390.95,1.1782
391.05,1.1727
391.95,1.0861
392.05,1.0734
392.95,0.9724
393.05,0.96514
393.95,0.94766
394.05,0.94936
394.95,0.97901
395.05,0.98397
395.95,1.0307
396.05,1.0357
396.95,1.0922
397.05,1.1019
397.95,1.2421
398.05,1.2606
398.95,1.4326
399.05,1.4515
399.95,1.6051
400.05,1.6184
400.95,1.6935
401.05,1.6989
401.95,1.7247
402.05,1.7257
402.95,1.7242
403.05,1.7228
403.95,1.7034
404.05,1.701
404.95,1.6738
405.05,1.6713
405.95,1.6578
406.05,1.6579
406.95,1.6651
407.05,1.6657
407.95,1.6734
408.05,1.6751
408.95,1.6936
409.05,1.6954
409.95,1.7058
410.05,1.7066
410.95,1.7262
411.05,1.7299
411.95,1.7541
412.05,1.7555
412.95,1.7676
413.05,1.7691
413.95,1.7832
414.05,1.7835
414.95,1.7769
415.05,1.7759
415.95,1.7687
416.05,1.768
416.95,1.7566
417.05,1.7545
417.95,1.7403
418.05,1.7397
418.95,1.7385
419.05,1.7384
419.95,1.7349
420.05,1.7347
420.95,1.7387
421.05,1.7395
421.95,1.735
422.05,1.7335
422.95,1.7206
423.05,1.7195
423.95,1.7117
424.05,1.7103
424.95,1.6946
425.05,1.6928
425.95,1.6772
426.05,1.6751
426.95,1.6422
427.05,1.6364
427.95,1.5793
428.05,1.5737
428.95,1.5327
429.05,1.5283
429.95,1.5034
430.05,1.5024
430.95,1.5101
431.05,1.5145
431.95,1.5663
432.05,1.5727
432.95,1.6315
433.05,1.6382
433.95,1.6955
434.05,1.7012
434.95,1.7427
435.05,1.7459
435.95,1.7636
436.05,1.765
436.95,1.7698
437.05,1.7696
437.95,1.7677
438.05,1.768
438.95,1.777
439.05,1.7787
439.95,1.7984
440.05,1.801
440.95,1.8309
441.05,1.8349
441.95,1.8713
442.05,1.8747
442.95,1.8996
443.05,1.9018
443.95,1.9177
444.05,1.9193
444.95,1.9311
445.05,1.9319
445.95,1.941
446.05,1.9423
446.95,1.9647
447.05,1.9679
447.95,1.9967
448.05,1.9995
448.95,2.0211
449.05,2.023
449.95,2.0396
450.05,2.0411
450.95,2.0477
451.05,2.0475
451.95,2.0385
452.05,2.0372
452.95,2.027
453.05,2.0263
453.95,2.0236
454.05,2.0236
454.95,2.0238
455.05,2.0239
455.95,2.0277
456.05,2.0286
456.95,2.0373
457.05,2.0383
457.95,2.0458
458.05,2.0464
458.95,2.0514
459.05,2.0518
459.95,2.0571
460.05,2.0577
460.95,2.0605
461.05,2.0607
461.95,2.0624
462.05,2.0621
462.95,2.0568
463.05,2.0561
463.95,2.0475
464.05,2.0463
464.95,2.0357
465.05,2.0344
465.95,2.0222
466.05,2.0208
466.95,2.01
467.05,2.0091
467.95,2.0058
468.05,2.0057
468.95,2.0054
469.05,2.0056
469.95,2.0087
470.05,2.0093
470.95,2.0165
471.05,2.0175
471.95,2.0274
472.05,2.0284
472.95,2.037
473.05,2.0379
473.95,2.0464
474.05,2.0474
474.95,2.0561
475.05,2.057
475.95,2.0643
476.05,2.065
476.95,2.0713
477.05,2.0721
477.95,2.0784
478.05,2.079
478.95,2.0824
479.05,2.0825
479.95,2.0822
480.05,2.0818
480.95,2.0706
481.05,2.0686
481.95,2.0466
482.05,2.0437
482.95,2.0154
483.05,2.012
483.95,1.9813
484.05,1.9779
484.95,1.9491
485.05,1.9461
485.95,1.9239
486.05,1.922
486.95,1.9115
487.05,1.911
487.95,1.9132
488.05,1.914
488.95,1.9235
489.05,1.9248
489.95,1.9377
490.05,1.9393
490.95,1.9525
491.05,1.9538
491.95,1.9658
492.05,1.9671
492.95,1.9753
493.05,1.9759
493.95,1.9799
494.05,1.9803
494.95,1.9809
495.05,1.9806
495.95,1.9761
496.05,1.9753
496.95,1.9679
497.05,1.9672
497.95,1.9593
498.05,1.9582
498.95,1.9479
499.05,1.9468
499.95,1.9384
500.05,1.9375
500.95,1.9314
501.05,1.9309
501.95,1.9287
502.05,1.9286
502.95,1.9299
503.05,1.9302
503.95,1.9338
504.05,1.9343
504.95,1.9392
505.05,1.9398
505.95,1.9444
506.05,1.9448
506.95,1.9472
507.05,1.9472
507.95,1.946
508.05,1.9457
508.95,1.9419
509.05,1.9415
509.95,1.9356
510.05,1.9347
510.95,1.9223
511.05,1.9206
511.95,1.9026
512.05,1.9003
512.95,1.8802
513.05,1.878
513.95,1.8589
514.05,1.8569
514.95,1.8399
515.05,1.8381
515.95,1.8227
516.05,1.8211
516.95,1.8097
517.05,1.8088
517.95,1.8059
518.05,1.8062
518.95,1.812
519.05,1.8129
519.95,1.8225
520.05,1.8235
520.95,1.8317
521.05,1.8326
521.95,1.8415
522.05,1.8425
522.95,1.8527
523.05,1.8538
523.95,1.8645
524.05,1.8655
524.95,1.8743
525.05,1.8748
525.95,1.8781
526.05,1.8783
526.95,1.881
527.05,1.8814
527.95,1.8865
528.05,1.8872
528.95,1.8944
529.05,1.8951
529.95,1.9008
530.05,1.9013
530.95,1.9043
531.05,1.9046
531.95,1.9058
532.05,1.9059
532.95,1.9061
533.05,1.9061
533.95,1.9055
534.05,1.9053
534.95,1.9028
535.05,1.9024
535.95,1.8977
536.05,1.8972
536.95,1.8914
537.05,1.8907
537.95,1.8853
538.05,1.8848
538.95,1.8804
539.05,1.8799
539.95,1.8764
540.05,1.8761
540.95,1.8737
541.05,1.8735
541.95,1.8725
542.05,1.8724
542.95,1.872
543.05,1.872
543.95,1.8724
544.05,1.8725
544.95,1.8734
545.05,1.8735
545.95,1.8737
546.05,1.8737
546.95,1.8743
547.05,1.8744
547.95,1.8752
548.05,1.8752
548.95,1.8751
549.05,1.875
549.95,1.8737
550.05,1.8735
550.95,1.8709
551.05,1.8705
551.95,1.8665
552.05,1.8661
552.95,1.8622
553.05,1.8617
553.95,1.8577
554.05,1.8572
554.95,1.8531
555.05,1.8526
555.95,1.8479
556.05,1.8474
556.95,1.8426
557.05,1.8421
557.95,1.8373
558.05,1.8368
558.95,1.8333
559.05,1.833
559.95,1.8308
560.05,1.8307
560.95,1.8295
561.05,1.8294
561.95,1.828
562.05,1.8278
562.95,1.8264
563.05,1.8263
563.95,1.8257
564.05,1.8257
564.95,1.8258
565.05,1.8259
565.95,1.8267
566.05,1.8268
566.95,1.8277
567.05,1.8278
567.95,1.8286
568.05,1.8286
568.95,1.829
569.05,1.8291
569.95,1.8293
570.05,1.8293
570.95,1.8295
571.05,1.8296
571.95,1.8303
572.05,1.8304
572.95,1.8311
573.05,1.8312
573.95,1.8316
574.05,1.8316
574.95,1.8315
575.05,1.8314
575.95,1.8307
576.05,1.8306
576.95,1.8293
577.05,1.8292
577.95,1.8279
578.05,1.8278
578.95,1.8261
579.05,1.8259
579.95,1.8228
580.05,1.8224
580.95,1.8185
581.05,1.818
581.95,1.8133
582.05,1.8127
582.95,1.808
583.05,1.8075
583.95,1.8026
584.05,1.802
584.95,1.797
585.05,1.7964
585.95,1.7913
586.05,1.7907
586.95,1.7859
587.05,1.7854
587.95,1.7809
588.05,1.7804
588.95,1.7766
589.05,1.7762
589.95,1.7734
590.05,1.7732
590.95,1.7712
591.05,1.771
591.95,1.7691
592.05,1.7689
592.95,1.7672
593.05,1.767
593.95,1.7656
594.05,1.7654
594.95,1.7639
595.05,1.7638
595.95,1.7623
596.05,1.7622
596.95,1.7606
597.05,1.7604
597.95,1.7586
598.05,1.7583
598.95,1.7559
599.05,1.7556
599.95,1.7528
600.05,1.7525
600.95,1.749
601.05,1.7486
601.95,1.7448
602.05,1.7444
602.95,1.7407
603.05,1.7403
603.95,1.7363
604.05,1.7358
604.95,1.7314
605.05,1.7308
605.95,1.7258
606.05,1.7251
606.95,1.7196
607.05,1.7189
607.95,1.7131
608.05,1.7125
608.95,1.7071
609.05,1.7064
609.95,1.7011
610.05,1.7005
610.95,1.6955
611.05,1.695
611.95,1.6899
612.05,1.6893
612.95,1.6844
613.05,1.6838
613.95,1.6787
614.05,1.6782
614.95,1.6735
615.05,1.673
615.95,1.669
616.05,1.6686
616.95,1.6655
617.05,1.6652
617.95,1.6627
618.05,1.6625
618.95,1.6604
619.05,1.6602
619.95,1.6579
620.05,1.6577
620.95,1.6553
621.05,1.655
621.95,1.6523
622.05,1.652
622.95,1.6493
623.05,1.649
623.95,1.6464
624.05,1.6461
624.95,1.6438
625.05,1.6435
625.95,1.6413
626.05,1.6411
626.95,1.639
627.05,1.6388
627.95,1.6364
628.05,1.636
628.95,1.6332
629.05,1.6328
629.95,1.6296
630.05,1.6293
630.95,1.6259
631.05,1.6255
631.95,1.6224
632.05,1.622
632.95,1.6191
633.05,1.6187
633.95,1.6158
634.05,1.6155
634.95,1.6127
635.05,1.6124
635.95,1.6096
636.05,1.6093
636.95,1.606
637.05,1.6056
637.95,1.6021
638.05,1.6017
638.95,1.5983
639.05,1.5979
639.95,1.5943
640.05,1.5939
640.95,1.5907
641.05,1.5904
641.95,1.5873
642.05,1.5869
642.95,1.5829
643.05,1.5824
643.95,1.5774
644.05,1.5769
644.95,1.5714
645.05,1.5708
645.95,1.5654
646.05,1.5647
646.95,1.5592
647.05,1.5586
647.95,1.5534
648.05,1.5528
648.95,1.5477
649.05,1.5471
649.95,1.5423
650.05,1.5417
650.95,1.537
651.05,1.5365
651.95,1.5319
652.05,1.5313
652.95,1.5268
653.05,1.5263
653.95,1.5222
654.05,1.5217
654.95,1.518
655.05,1.5176
655.95,1.5147
656.05,1.5144
656.95,1.5127
657.05,1.5127
657.95,1.5119
658.05,1.5118
658.95,1.5115
659.05,1.5114
659.95,1.5114
660.05,1.5114
660.95,1.5114
661.05,1.5113
661.95,1.5111
662.05,1.5111
662.95,1.5107
663.05,1.5107
663.95,1.5101
664.05,1.5101
664.95,1.5094
665.05,1.5093
665.95,1.5086
666.05,1.5086
666.95,1.5079
667.05,1.5078
667.95,1.5068
668.05,1.5067
668.95,1.5053
669.05,1.5051
669.95,1.5033
670.05,1.503
670.95,1.5007
671.05,1.5004
671.95,1.4975
672.05,1.4971
672.95,1.494
673.05,1.4936
673.95,1.4907
674.05,1.4903
674.95,1.4872
675.05,1.4869
675.95,1.4838
676.05,1.4834
676.95,1.4803
677.05,1.48
677.95,1.4769
678.05,1.4766
678.95,1.4734
679.05,1.473
679.95,1.4697
680.05,1.4694
680.95,1.4662
681.05,1.4659
681.95,1.4626
682.05,1.4622
682.95,1.459
683.05,1.4586
683.95,1.4554
684.05,1.4551
684.95,1.4518
685.05,1.4514
685.95,1.4481
686.05,1.4477
686.95,1.4444
687.05,1.444
687.95,1.4405
688.05,1.4401
688.95,1.4367
689.05,1.4363
689.95,1.4329
690.05,1.4325
690.95,1.429
691.05,1.4286
691.95,1.4251
692.05,1.4247
692.95,1.4214
693.05,1.421
693.95,1.4176
694.05,1.4172
694.95,1.4139
695.05,1.4136
695.95,1.4103
696.05,1.4099
696.95,1.4065
697.05,1.4062
697.95,1.4029
698.05,1.4026
698.95,1.3993
699.05,1.3989
699.95,1.3957
700.05,1.3954
700.95,1.3922
701.05,1.3918
701.95,1.3887
702.05,1.3884
702.95,1.3852
703.05,1.3849
703.95,1.3817
704.05,1.3813
704.95,1.3782
705.05,1.3778
705.95,1.3745
706.05,1.3742
706.95,1.3709
707.05,1.3705
707.95,1.3673
708.05,1.367
708.95,1.3637
709.05,1.3633
709.95,1.36
710.05,1.3597
710.95,1.3565
711.05,1.3561
711.95,1.3529
712.05,1.3525
712.95,1.3492
713.05,1.3488
713.95,1.3456
714.05,1.3452
714.95,1.3418
715.05,1.3415
715.95,1.3382
716.05,1.3378
716.95,1.3347
717.05,1.3343
717.95,1.3312
718.05,1.3308
718.95,1.3277
719.05,1.3274
719.95,1.3245
720.05,1.3241
720.95,1.3212
721.05,1.3208
721.95,1.3179
722.05,1.3176
722.95,1.3148
723.05,1.3145
723.95,1.3117
724.05,1.3113
724.95,1.3084
725.05,1.3081
725.95,1.3051
726.05,1.3048
726.95,1.302
727.05,1.3017
727.95,1.2988
728.05,1.2985
728.95,1.2958
729.05,1.2955
729.95,1.2927
730.05,1.2925
730.95,1.2899
731.05,1.2896
731.95,1.287
732.05,1.2868
732.95,1.2842
733.05,1.2839
733.95,1.2813
734.05,1.281
734.95,1.2784
735.05,1.2781
735.95,1.2754
736.05,1.2751
736.95,1.2724
737.05,1.2721
737.95,1.2696
738.05,1.2693
738.95,1.2667
739.05,1.2665
739.95,1.264
740.05,1.2637
740.95,1.2614
741.05,1.2611
741.95,1.2589
742.05,1.2587
742.95,1.2565
743.05,1.2563
743.95,1.2541
744.05,1.2539
744.95,1.2518
745.05,1.2516
745.95,1.2494
746.05,1.2492
746.95,1.2471
747.05,1.2469
747.95,1.2446
748.05,1.2444
748.95,1.2421
749.05,1.2419
749.95,1.2396
750.05,1.2394
750.95,1.2372
751.05,1.2369
751.95,1.2346
752.05,1.2344
752.95,1.2321
753.05,1.2319
753.95,1.2297
754.05,1.2294
754.95,1.2271
755.05,1.2269
755.95,1.2246
756.05,1.2244
756.95,1.222
757.05,1.2217
757.95,1.2193
758.05,1.219
758.95,1.2165
759.05,1.2163
759.95,1.2139
760.05,1.2136
760.95,1.2111
761.05,1.2108
761.95,1.2083
762.05,1.208
762.95,1.2055
763.05,1.2052
763.95,1.2028
764.05,1.2025
764.95,1.2
765.05,1.1998
765.95,1.1973
766.05,1.1971
766.95,1.1947
767.05,1.1945
767.95,1.1922
768.05,1.192
768.95,1.1898
769.05,1.1895
769.95,1.1874
770.05,1.1871
770.95,1.1849
771.05,1.1847
771.95,1.1826
772.05,1.1824
772.95,1.1802
773.05,1.1799
773.95,1.1777
774.05,1.1775
774.95,1.1752
775.05,1.175
775.95,1.1727
776.05,1.1724
776.95,1.1702
777.05,1.17
777.95,1.1677
778.05,1.1675
778.95,1.1652
779.05,1.165
779.95,1.1627
780.05,1.1625
780.95,1.1603
781.05,1.1601
781.95,1.1578
782.05,1.1575
782.95,1.1553
783.05,1.155
783.95,1.1527
784.05,1.1524
784.95,1.15
785.05,1.1498
785.95,1.1474
786.05,1.1472
786.95,1.1447
787.05,1.1444
787.95,1.1419
788.05,1.1416
788.95,1.139
789.05,1.1387
789.95,1.1362
790.05,1.136
790.95,1.1334
791.05,1.1331
791.95,1.1305
792.05,1.1303
792.95,1.1278
793.05,1.1276
793.95,1.1252
794.05,1.125
794.95,1.1226
795.05,1.1223
795.95,1.12
796.05,1.1197
796.95,1.1174
797.05,1.1172
797.95,1.115
798.05,1.1147
798.95,1.1123
799.05,1.1121
799.95,1.1096
800.05,1.1093
800.95,1.1069
801.05,1.1066
801.95,1.1042
802.05,1.1039
802.95,1.1015
803.05,1.1012
803.95,1.0989
804.05,1.0986
804.95,1.0962
805.05,1.096
805.95,1.0938
806.05,1.0935
806.95,1.0913
807.05,1.0911
807.95,1.0888
808.05,1.0886
808.95,1.0864
809.05,1.0862
809.95,1.084
810.05,1.0837
810.95,1.0816
811.05,1.0813
811.95,1.0791
812.05,1.0788
812.95,1.0765
813.05,1.0763
813.95,1.074
814.05,1.0737
814.95,1.0714
815.05,1.0712
815.95,1.0688
816.05,1.0685
816.95,1.0662
817.05,1.0659
817.95,1.0636
818.05,1.0634
818.95,1.0613
819.05,1.061
819.95,1.0588
820.05,1.0586
820.95,1.0564
821.05,1.0562
821.95,1.0541
822.05,1.0539
822.95,1.0519
823.05,1.0517
823.95,1.0497
824.05,1.0495
824.95,1.0475
825.05,1.0472
825.95,1.0451
826.05,1.0449
826.95,1.0428
827.05,1.0425
827.95,1.0403
828.05,1.04
828.95,1.0378
829.05,1.0375
829.95,1.035
830.05,1.0347
830.95,1.0322
831.05,1.0319
831.95,1.0293
832.05,1.029
832.95,1.0264
833.05,1.0261
833.95,1.0234
834.05,1.0231
834.95,1.0204
835.05,1.0201
835.95,1.0175
836.05,1.0172
836.95,1.0147
837.05,1.0144
837.95,1.0119
838.05,1.0117
838.95,1.0091
839.05,1.0089
839.95,1.0064
840.05,1.0061
840.95,1.0034
841.05,1.0031
841.95,1.0003
842.05,1
842.95,0.99714
843.05,0.99684
843.95,0.99396
844.05,0.99367
844.95,0.99066
845.05,0.99034
845.95,0.98735
846.05,0.98702
846.95,0.98405
847.05,0.98372
847.95,0.98082
848.05,0.98052
848.95,0.97779
849.05,0.97749
849.95,0.97488
850.05,0.97459
850.95,0.97207
851.05,0.97181
851.95,0.96942
852.05,0.96917
852.95,0.96697
853.05,0.96673
853.95,0.96464
854.05,0.96442
854.95,0.96244
855.05,0.96222
855.95,0.96035
856.05,0.96015
856.95,0.9584
857.05,0.95821
857.95,0.95653
858.05,0.95634
858.95,0.95471
859.05,0.95453
859.95,0.95293
860.05,0.95274
860.95,0.95106
861.05,0.95089
861.95,0.94925
862.05,0.94907
862.95,0.94749
863.05,0.94732
863.95,0.94581
864.05,0.94565
864.95,0.94429
865.05,0.94414
865.95,0.94287
866.05,0.94273
866.95,0.94155
867.05,0.94143
867.95,0.94034
868.05,0.94022
868.95,0.93931
869.05,0.93922
869.95,0.93838
870.05,0.93829
870.95,0.93749
871.05,0.9374
871.95,0.93659
872.05,0.9365
872.95,0.93561
873.05,0.9355
873.95,0.93455
874.05,0.93444
874.95,0.93344
875.05,0.93333
875.95,0.93227
876.05,0.93215
876.95,0.931
877.05,0.93087
877.95,0.92965
878.05,0.92951
878.95,0.92824
879.05,0.9281
879.95,0.92683
880.05,0.92669
880.95,0.92542
881.05,0.92529
881.95,0.92408
882.05,0.92394
882.95,0.92273
883.05,0.92259
883.95,0.92137
884.05,0.92124
884.95,0.92
885.05,0.91986
885.95,0.91861
886.05,0.91847
886.95,0.91718
887.05,0.91704
887.95,0.91573
888.05,0.91558
888.95,0.91421
889.05,0.91405
889.95,0.9126
890.05,0.91245
890.95,0.91095
891.05,0.91078
891.95,0.90924
892.05,0.90906
892.95,0.90747
893.05,0.90729
893.95,0.90568
894.05,0.9055
894.95,0.90385
895.05,0.90367
895.95,0.90199
896.05,0.90181
896.95,0.90011
897.05,0.89992
897.95,0.8982
898.05,0.898
898.95,0.89625
899.05,0.89606
899.95,0.89431
900.05,0.89411
900.95,0.89236
901.05,0.89216
901.95,0.89041
902.05,0.89021
902.95,0.8885
903.05,0.88831
903.95,0.88661
904.05,0.88642
904.95,0.88474
905.05,0.88455
905.95,0.88287
906.05,0.8827
906.95,0.88104
907.05,0.88086
907.95,0.87924
908.05,0.87906
908.95,0.87743
909.05,0.87726
909.95,0.87564
910.05,0.87546
910.95,0.87384
911.05,0.87366
911.95,0.87203
912.05,0.87185
912.95,0.87023
913.05,0.87004
913.95,0.86841
914.05,0.86822
914.95,0.86656
915.05,0.86637
915.95,0.86468
916.05,0.86448
916.95,0.86277
917.05,0.86257
917.95,0.86084
918.05,0.86066
918.95,0.85893
919.05,0.85874
919.95,0.85704
920.05,0.85686
920.95,0.85523
921.05,0.85505
921.95,0.85343
922.05,0.85325
922.95,0.85165
923.05,0.85147
923.95,0.84988
924.05,0.84971
924.95,0.84814
925.05,0.84797
925.95,0.84642
926.05,0.84624
926.95,0.84468
927.05,0.8445
927.95,0.84294
928.05,0.84276
928.95,0.84117
929.05,0.84099
929.95,0.83936
930.05,0.83917
930.95,0.83753
931.05,0.83734
931.95,0.83567
932.05,0.8355
932.95,0.83382
933.05,0.83363
933.95,0.83195
934.05,0.83176
934.95,0.83006
935.05,0.82988
935.95,0.82819
936.05,0.82801
936.95,0.82634
937.05,0.82616
937.95,0.82452
938.05,0.82434
938.95,0.82276
939.05,0.82259
939.95,0.82105
940.05,0.82088
940.95,0.81937
941.05,0.81921
941.95,0.81775
942.05,0.81759
942.95,0.81621
943.05,0.81607
943.95,0.81482
944.05,0.81468
944.95,0.81342
945.05,0.81328
945.95,0.81195
946.05,0.8118
946.95,0.81039
947.05,0.81023
947.95,0.80862
948.05,0.80843
948.95,0.80673
949.05,0.80654
949.95,0.80479
950.05,0.8046
950.95,0.80285
951.05,0.80265
951.95,0.80095
952.05,0.80077
952.95,0.79916
953.05,0.79899
953.95,0.79752
954.05,0.79736
954.95,0.79601
955.05,0.79587
955.95,0.79461
956.05,0.79447
956.95,0.79328
957.05,0.79315
957.95,0.79199
958.05,0.79186
958.95,0.79072
959.05,0.7906
959.95,0.7895
960.05,0.78938
960.95,0.78831
961.05,0.7882
961.95,0.78714
962.05,0.78703
962.95,0.78601
963.05,0.7859
963.95,0.78488
964.05,0.78477
964.95,0.78376
965.05,0.78364
965.95,0.78262
966.05,0.78251
966.95,0.78148
967.05,0.78136
967.95,0.7803
968.05,0.78018
968.95,0.7791
969.05,0.77898
969.95,0.77788
970.05,0.77775
970.95,0.77663
971.05,0.7765
971.95,0.77536
972.05,0.77523
972.95,0.77406
973.05,0.77393
973.95,0.77274
974.05,0.77261
974.95,0.77139
975.05,0.77125
975.95,0.76999
976.05,0.76985
976.95,0.76856
977.05,0.76842
977.95,0.7671
978.05,0.76695
978.95,0.7656
979.05,0.76545
979.95,0.76408
980.05,0.76394
980.95,0.76256
981.05,0.76241
981.95,0.76105
982.05,0.76089
982.95,0.75953
983.05,0.75938
983.95,0.758
984.05,0.75785
984.95,0.75646
985.05,0.75631
985.95,0.75492
986.05,0.75476
986.95,0.75335
987.05,0.75319
987.95,0.75178
988.05,0.75162
988.95,0.7502
989.05,0.75004
989.95,0.74861
990.05,0.74845
990.95,0.747
991.05,0.74684
991.95,0.74538
992.05,0.74522
992.95,0.74376
993.05,0.7436
993.95,0.74214
994.05,0.74199
994.95,0.74053
995.05,0.74037
995.95,0.73893
996.05,0.73877
996.95,0.73736
997.05,0.7372
997.95,0.73579
998.05,0.73563
998.95,0.73425
999.05,0.7341
999.95,0.73272
1000.05,0.73257
1000.95,0.73123
1001.05,0.73108
1001.95,0.72978
1002.05,0.72963
1002.95,0.72834
1003.05,0.72819
1003.95,0.72692
1004.05,0.72678
1004.95,0.72553
1005.05,0.7254
1005.95,0.72418
1006.05,0.72405
1006.95,0.72286
1007.05,0.72273
1007.95,0.72155
1008.05,0.72142
1008.95,0.72025
1009.05,0.72012
1009.95,0.71895
1010.05,0.71882
1010.95,0.71763
1011.05,0.71749
1011.95,0.71628
1012.05,0.71615
1012.95,0.71493
1013.05,0.7148
1013.95,0.71358
1014.05,0.71344
1014.95,0.71223
1015.05,0.71209
1015.95,0.71088
1016.05,0.71075
1016.95,0.70954
1017.05,0.7094
1017.95,0.7082
1018.05,0.70806
1018.95,0.70687
1019.05,0.70674
1019.95,0.70555
1020.05,0.70542
1020.95,0.70425
1021.05,0.70412
1021.95,0.70297
1022.05,0.70284
1022.95,0.70169
1023.05,0.70157
1023.95,0.70042
1024.05,0.70029
1024.95,0.69915
1025.05,0.69903
1025.95,0.69788
1026.05,0.69775
1026.95,0.6966
1027.05,0.69647
1027.95,0.69532
1028.05,0.69519
1028.95,0.69402
1029.05,0.69389
1029.95,0.69271
1030.05,0.69257
1030.95,0.69139
1031.05,0.69125
1031.95,0.69004
1032.05,0.6899
1032.95,0.68867
1033.05,0.68854
1033.95,0.6873
1034.05,0.68716
1034.95,0.68592
1035.05,0.68578
1035.95,0.68453
1036.05,0.68439
1036.95,0.68314
1037.05,0.683
1037.95,0.68173
1038.05,0.68159
1038.95,0.68034
1039.05,0.6802
1039.95,0.67893
1040.05,0.67879
1040.95,0.67753
1041.05,0.67739
1041.95,0.67614
1042.05,0.67601
1042.95,0.67475
1043.05,0.67461
1043.95,0.67335
1044.05,0.6732
1044.95,0.67193
1045.05,0.67179
1045.95,0.67052
1046.05,0.67038
1046.95,0.66909
1047.05,0.66894
1047.95,0.66764
1048.05,0.66749
1048.95,0.66617
1049.05,0.66603
1049.95,0.66469
1050.05,0.66454
1050.95,0.66317
1051.05,0.66301
1051.95,0.66162
1052.05,0.66146
1052.95,0.66004
1053.05,0.65988
1053.95,0.65844
1054.05,0.65829
1054.95,0.65684
1055.05,0.65668
1055.95,0.65522
1056.05,0.65507
1056.95,0.65361
1057.05,0.65345
1057.95,0.65198
1058.05,0.65182
1058.95,0.65036
1059.05,0.6502
1059.95,0.64872
1060.05,0.64856
1060.95,0.64709
1061.05,0.64692
1061.95,0.64544
1062.05,0.64528
1062.95,0.64381
1063.05,0.64364
1063.95,0.64216
1064.05,0.642
1064.95,0.64053
1065.05,0.64036
1065.95,0.63888
1066.05,0.63871
1066.95,0.63724
1067.05,0.63707
1067.95,0.6356
1068.05,0.63543
1068.95,0.63397
1069.05,0.63381
1069.95,0.63235
1070.05,0.63218
1070.95,0.63075
1071.05,0.63059
1071.95,0.62917
1072.05,0.62901
1072.95,0.62762
1073.05,0.62748
1073.95,0.6261
1074.05,0.62595
1074.95,0.6246
1075.05,0.62445
1075.95,0.62313
1076.05,0.62298
1076.95,0.62168
1077.05,0.62153
1077.95,0.62026
1078.05,0.62011
1078.95,0.61886
1079.05,0.61873
1079.95,0.61751
1080.05,0.61737
1080.95,0.61617
1081.05,0.61604
1081.95,0.61487
1082.05,0.61474
1082.95,0.61361
1083.05,0.61349
1083.95,0.61238
1084.05,0.61226
1084.95,0.61118
1085.05,0.61108
1085.95,0.61001
1086.05,0.60991
1086.95,0.60888
1087.05,0.60876
1087.95,0.60776
1088.05,0.60764
1088.95,0.60666
1089.05,0.60655
1089.95,0.60558
1090.05,0.60547
1090.95,0.60451
1091.05,0.60442
1091.95,0.60347
1092.05,0.60338
1092.95,0.60245
1093.05,0.60234
1093.95,0.60143
1094.05,0.60133
1094.95,0.60043
1095.05,0.60033
1095.95,0.59945
1096.05,0.59935
1096.95,0.59847
1097.05,0.59837
1097.95,0.59752
1098.05,0.59742
1098.95,0.59657
1099.05,0.59648
1099.95,0.59564
1100.05,0.59555
1100.95,0.5947
1101.05,0.59461
1101.95,0.59377
1102.05,0.59367
1102.95,0.59283
1103.05,0.59274
1103.95,0.59189
1104.05,0.59179
1104.95,0.59094
1105.05,0.59084
1105.95,0.58998
1106.05,0.58989
1106.95,0.58902
1107.05,0.58892
1107.95,0.58803
1108.05,0.58794
1108.95,0.58704
1109.05,0.58694
1109.95,0.58604
1110.05,0.58593
1110.95,0.58502
1111.05,0.58492
1111.95,0.584
1112.05,0.5839
1112.95,0.58298
1113.05,0.58287
1113.95,0.58195
1114.05,0.58184
1114.95,0.58091
1115.05,0.58081
1115.95,0.57988
1116.05,0.57977
1116.95,0.57883
1117.05,0.57873
1117.95,0.57779
1118.05,0.57768
1118.95,0.57674
1119.05,0.57663
1119.95,0.57569
1120.05,0.57559
1120.95,0.57464
1121.05,0.57454
1121.95,0.57359
1122.05,0.57348
1122.95,0.57253
1123.05,0.57242
1123.95,0.57146
1124.05,0.57135
1124.95,0.57038
1125.05,0.57028
1125.95,0.5693
1126.05,0.56919
1126.95,0.56821
1127.05,0.56811
1127.95,0.56711
1128.05,0.56701
1128.95,0.56602
1129.05,0.56592
1129.95,0.56493
1130.05,0.56483
1130.95,0.56384
1131.05,0.56374
1131.95,0.56274
1132.05,0.56265
1132.95,0.56166
1133.05,0.56156
1133.95,0.56057
1134.05,0.56047
1134.95,0.55949
1135.05,0.55939
1135.95,0.55842
1136.05,0.55831
1136.95,0.55736
1137.05,0.55725
1137.95,0.5563
1138.05,0.55619
1138.95,0.55524
1139.05,0.55514
1139.95,0.55419
1140.05,0.55409
1140.95,0.55315
1141.05,0.55304
1141.95,0.55211
1142.05,0.552
1142.95,0.55107
1143.05,0.55096
1143.95,0.55002
1144.05,0.54991
1144.95,0.54896
1145.05,0.54885
1145.95,0.54788
1146.05,0.54777
1146.95,0.54679
1147.05,0.54668
1147.95,0.54569
1148.05,0.54557
1148.95,0.54457
1149.05,0.54446
1149.95,0.54346
1150.05,0.54335
1150.95,0.54234
1151.05,0.54223
1151.95,0.54122
1152.05,0.54111
1152.95,0.54011
1153.05,0.54
1153.95,0.53899
1154.05,0.53888
1154.95,0.53788
1155.05,0.53777
1155.95,0.53677
1156.05,0.53666
1156.95,0.53567
1157.05,0.53556
1157.95,0.53458
1158.05,0.53447
1158.95,0.53349
1159.05,0.53338
1159.95,0.5324
1160.05,0.53229
1160.95,0.53131
1161.05,0.53121
1161.95,0.53023
1162.05,0.53012
1162.95,0.52915
1163.05,0.52904
1163.95,0.52806
1164.05,0.52795
1164.95,0.52698
1165.05,0.52687
1165.95,0.52589
1166.05,0.52578
1166.95,0.5248
1167.05,0.52468
1167.95,0.52369
1168.05,0.52357
1168.95,0.52257
1169.05,0.52246
1169.95,0.52146
1170.05,0.52135
1170.95,0.52035
1171.05,0.52024
1171.95,0.51924
1172.05,0.51913
1172.95,0.51814
1173.05,0.51803
1173.95,0.51705
1174.05,0.51694
1174.95,0.51597
1175.05,0.51586
1175.95,0.51489
1176.05,0.51479
1176.95,0.51383
1177.05,0.51373
1177.95,0.51278
1178.05,0.51268
1178.95,0.51175
1179.05,0.51165
1179.95,0.51074
1180.05,0.51063
1180.95,0.50973
1181.05,0.50963
1181.95,0.50875
1182.05,0.50865
1182.95,0.50776
1183.05,0.50767
1183.95,0.50681
1184.05,0.50672
1184.95,0.50588
1185.05,0.50579
1185.95,0.50496
1186.05,0.50487
1186.95,0.50405
1187.05,0.50396
1187.95,0.50315
1188.05,0.50306
1188.95,0.50225
1189.05,0.50217
1189.95,0.50135
1190.05,0.50126
1190.95,0.50046
1191.05,0.50037
1191.95,0.49957
1192.05,0.49948
1192.95,0.4987
1193.05,0.49861
1193.95,0.49782
1194.05,0.49775
1194.95,0.49697
1195.05,0.49689
1195.95,0.49613
1196.05,0.49605
1196.95,0.4953
1197.05,0.49522
1197.95,0.49449
1198.05,0.49441
1198.95,0.49368
1199.05,0.4936
1199.95,0.49291
1200.05,0.49283
1200.95,0.49216
1201.05,0.49209
1201.95,0.49142
1202.05,0.49135
1202.95,0.4907
1203.05,0.49063
1203.95,0.48999
1204.05,0.48992
1204.95,0.48928
1205.05,0.4892
1205.95,0.48856
1206.05,0.48849
1206.95,0.48785
1207.05,0.48778
1207.95,0.48713
1208.05,0.48706
1208.95,0.48642
1209.05,0.48634
1209.95,0.4857
1210.05,0.48563
1210.95,0.48498
1211.05,0.48491
1211.95,0.48427
1212.05,0.4842
1212.95,0.48355
1213.05,0.48349
1213.95,0.48283
1214.05,0.48276
1214.95,0.48212
1215.05,0.48204
1215.95,0.48139
1216.05,0.48132
1216.95,0.48067
1217.05,0.4806
1217.95,0.47995
1218.05,0.47987
1218.95,0.47921
1219.05,0.47914
1219.95,0.47848
1220.05,0.47841
1220.95,0.47775
1221.05,0.47767
1221.95,0.477
1222.05,0.47693
1222.95,0.47626
1223.05,0.47618
1223.95,0.47551
1224.05,0.47544
1224.95,0.47475
1225.05,0.47469
1225.95,0.47399
1226.05,0.47392
1226.95,0.47323
1227.05,0.47315
1227.95,0.47245
1228.05,0.47237
1228.95,0.47166
1229.05,0.47158
1229.95,0.47086
1230.05,0.47078
1230.95,0.47006
1231.05,0.46998
1231.95,0.46925
1232.05,0.46918
1232.95,0.46844
1233.05,0.46836
1233.95,0.46763
1234.05,0.46754
1234.95,0.46681
1235.05,0.46672
1235.95,0.46598
1236.05,0.4659
1236.95,0.46515
1237.05,0.46507
1237.95,0.46433
1238.05,0.46424
1238.95,0.46351
1239.05,0.46343
1239.95,0.46268
1240.05,0.4626
1240.95,0.46186
1241.05,0.46177
1241.95,0.46103
1242.05,0.46095
1242.95,0.46019
1243.05,0.46011
1243.95,0.45934
1244.05,0.45926
1244.95,0.45848
1245.05,0.45839
1245.95,0.45761
1246.05,0.45752
1246.95,0.45673
1247.05,0.45664
1247.95,0.45584
1248.05,0.45575
1248.95,0.45493
1249.05,0.45485
1249.95,0.45401
1250.05,0.45391
1250.95,0.45308
1251.05,0.45298
1251.95,0.45214
1252.05,0.45205
1252.95,0.45121
1253.05,0.45111
1253.95,0.45027
1254.05,0.45018
1254.95,0.44935
1255.05,0.44925
1255.95,0.44843
1256.05,0.44834
1256.95,0.44753
1257.05,0.44744
1257.95,0.44663
1258.05,0.44654
1258.95,0.44574
1259.05,0.44565
1259.95,0.44486
1260.05,0.44477
1260.95,0.44398
1261.05,0.4439
1261.95,0.44311
1262.05,0.44303
1262.95,0.44225
1263.05,0.44217
1263.95,0.4414
1264.05,0.44131
1264.95,0.44055
1265.05,0.44047
1265.95,0.4397
1266.05,0.43961
1266.95,0.43885
1267.05,0.43877
1267.95,0.43801
1268.05,0.43793
1268.95,0.43718
1269.05,0.4371
1269.95,0.43635
1270.05,0.43627
1270.95,0.43553
1271.05,0.43545
1271.95,0.43473
1272.05,0.43465
1272.95,0.43394
1273.05,0.43386
1273.95,0.43315
1274.05,0.43307
1274.95,0.43238
1275.05,0.4323
1275.95,0.43162
1276.05,0.43155
1276.95,0.43087
1277.05,0.43079
1277.95,0.43014
1278.05,0.43006
1278.95,0.42942
1279.05,0.42935
1279.95,0.42871
1280.05,0.42864
1280.95,0.42803
1281.05,0.42796
1281.95,0.42736
1282.05,0.42729
1282.95,0.42672
1283.05,0.42666
1283.95,0.42611
1284.05,0.42605
1284.95,0.4255
1285.05,0.42544
1285.95,0.42491
1286.05,0.42485
1286.95,0.42431
1287.05,0.42426
1287.95,0.42372
1288.05,0.42366
1288.95,0.42311
1289.05,0.42305
1289.95,0.42251
1290.05,0.42245
1290.95,0.42189
1291.05,0.42184
1291.95,0.42128
1292.05,0.42122
1292.95,0.42067
1293.05,0.42061
1293.95,0.42004
1294.05,0.41998
1294.95,0.41942
1295.05,0.41936
1295.95,0.41879
1296.05,0.41873
1296.95,0.41817
1297.05,0.41811
1297.95,0.41754
1298.05,0.41748
1298.95,0.41692
1299.05,0.41685
1299.95,0.4163
1300.05,0.41624
1300.95,0.41567
1301.05,0.41561
1301.95,0.41505
1302.05,0.41499
1302.95,0.41443
1303.05,0.41436
1303.95,0.41381
1304.05,0.41374
1304.95,0.41318
1305.05,0.41312
1305.95,0.41256
1306.05,0.4125
1306.95,0.41194
1307.05,0.41187
1307.95,0.4113
1308.05,0.41124
1308.95,0.41068
1309.05,0.41061
1309.95,0.41004
1310.05,0.40997
1310.95,0.4094
1311.05,0.40933
1311.95,0.40875
1312.05,0.40869
1312.95,0.40811
1313.05,0.40804
1313.95,0.40747
1314.05,0.4074
1314.95,0.40682
1315.05,0.40676
1315.95,0.4062
1316.05,0.40614
1316.95,0.40557
1317.05,0.40551
1317.95,0.40495
1318.05,0.40489
1318.95,0.40433
1319.05,0.40427
1319.95,0.40371
1320.05,0.40365
1320.95,0.40309
1321.05,0.40302
1321.95,0.40245
1322.05,0.40238
1322.95,0.40182
1323.05,0.40175
1323.95,0.40118
1324.05,0.40111
1324.95,0.40055
1325.05,0.40048
1325.95,0.39991
1326.05,0.39986
1326.95,0.39929
1327.05,0.39922
1327.95,0.39867
1328.05,0.3986
1328.95,0.39804
1329.05,0.39798
1329.95,0.39742
1330.05,0.39736
1330.95,0.39679
1331.05,0.39673
1331.95,0.39618
1332.05,0.39611
1332.95,0.39555
1333.05,0.39549
1333.95,0.39493
1334.05,0.39487
1334.95,0.39432
1335.05,0.39425
1335.95,0.39368
1336.05,0.39362
1336.95,0.39306
1337.05,0.393
1337.95,0.39241
1338.05,0.39235
1338.95,0.39177
1339.05,0.39171
1339.95,0.39112
1340.05,0.39106
1340.95,0.39047
1341.05,0.39041
1341.95,0.38982
1342.05,0.38976
1342.95,0.38916
1343.05,0.38909
1343.95,0.38851
1344.05,0.38844
1344.95,0.38784
1345.05,0.38778
1345.95,0.38718
1346.05,0.38712
1346.95,0.38653
1347.05,0.38646
1347.95,0.38586
1348.05,0.38579
1348.95,0.3852
1349.05,0.38514
1349.95,0.38454
1350.05,0.38448
1350.95,0.38389
1351.05,0.38382
1351.95,0.38323
1352.05,0.38317
1352.95,0.38257
1353.05,0.38251
1353.95,0.38192
1354.05,0.38186
1354.95,0.38126
1355.05,0.3812
1355.95,0.38062
1356.05,0.38055
1356.95,0.37997
1357.05,0.3799
1357.95,0.37932
1358.05,0.37925
1358.95,0.37868
1359.05,0.37861
1359.95,0.37803
1360.05,0.37797
1360.95,0.3774
1361.05,0.37733
1361.95,0.37677
1362.05,0.3767
1362.95,0.37613
1363.05,0.37607
1363.95,0.37551
1364.05,0.37545
1364.95,0.37489
1365.05,0.37482
1365.95,0.37428
1366.05,0.37421
1366.95,0.37366
1367.05,0.3736
1367.95,0.37306
1368.05,0.373
1368.95,0.37245
1369.05,0.37239
1369.95,0.37186
1370.05,0.3718
1370.95,0.37127
1371.05,0.37121
1371.95,0.37067
1372.05,0.37061
1372.95,0.37009
1373.05,0.37003
1373.95,0.36949
1374.05,0.36943
1374.95,0.36891
1375.05,0.36885
1375.95,0.36831
1376.05,0.36825
1376.95,0.36771
1377.05,0.36765
1377.95,0.36711
1378.05,0.36705
1378.95,0.36651
1379.05,0.36645
1379.95,0.3659
1380.05,0.36584
1380.95,0.3653
1381.05,0.36524
1381.95,0.36469
1382.05,0.36464
1382.95,0.3641
1383.05,0.36404
1383.95,0.3635
1384.05,0.36344
1384.95,0.36289
1385.05,0.36283
1385.95,0.36229
1386.05,0.36222
1386.95,0.36167
1387.05,0.36161
1387.95,0.36106
1388.05,0.361
1388.95,0.36043
1389.05,0.36037
1389.95,0.35982
1390.05,0.35976
1390.95,0.35919
1391.05,0.35914
1391.95,0.35857
1392.05,0.3585
1392.95,0.35794
1393.05,0.35788
1393.95,0.3573
1394.05,0.35724
1394.95,0.35667
1395.05,0.35661
1395.95,0.35603
1396.05,0.35597
1396.95,0.3554
1397.05,0.35534
1397.95,0.35477
1398.05,0.3547
1398.95,0.35413
1399.05,0.35406
1399.95,0.35349
1400.05,0.35343
1400.95,0.35285
1401.05,0.35278
1401.95,0.35221
1402.05,0.35215
1402.95,0.35157
1403.05,0.3515
1403.95,0.35093
1404.05,0.35086
1404.95,0.35028
1405.05,0.35022
1405.95,0.34963
1406.05,0.34957
1406.95,0.34899
1407.05,0.34892
1407.95,0.34834
1408.05,0.34827
1408.95,0.34769
1409.05,0.34762
1409.95,0.34704
1410.05,0.34698
1410.95,0.34639
1411.05,0.34632
1411.95,0.34574
1412.05,0.34568
1412.95,0.34509
1413.05,0.34503
1413.95,0.34446
1414.05,0.3444
1414.95,0.34383
1415.05,0.34377
1415.95,0.34321
1416.05,0.34315
1416.95,0.34259
1417.05,0.34253
1417.95,0.34197
1418.05,0.34191
1418.95,0.34137
1419.05,0.3413
1419.95,0.34075
1420.05,0.34068
1420.95,0.34014
1421.05,0.34008
1421.95,0.33953
1422.05,0.33947
1422.95,0.33893
1423.05,0.33887
1423.95,0.33833
1424.05,0.33828
1424.95,0.33774
1425.05,0.33768
1425.95,0.33717
1426.05,0.33711
1426.95,0.33659
1427.05,0.33653
1427.95,0.33602
1428.05,0.33597
1428.95,0.33546
1429.05,0.3354
1429.95,0.33491
1430.05,0.33485
1430.95,0.33435
1431.05,0.33429
1431.95,0.33381
1432.05,0.33375
1432.95,0.33326
1433.05,0.33321
1433.95,0.33273
1434.05,0.33268
1434.95,0.33219
1435.05,0.33214
1435.95,0.33166
1436.05,0.33161
1436.95,0.33113
1437.05,0.33107
1437.95,0.33059
1438.05,0.33055
1438.95,0.33008
1439.05,0.33002
1439.95,0.32956
1440.05,0.3295
1440.95,0.32906
1441.05,0.32901
1441.95,0.32856
1442.05,0.32851
1442.95,0.32808
1443.05,0.32803
1443.95,0.32759
1444.05,0.32755
1444.95,0.32712
1445.05,0.32707
1445.95,0.32664
1446.05,0.32659
1446.95,0.32617
1447.05,0.32612
1447.95,0.32568
1448.05,0.32563
1448.95,0.32519
1449.05,0.32514
1449.95,0.32471
1450.05,0.32467
1450.95,0.32422
1451.05,0.32417
1451.95,0.32373
1452.05,0.32368
1452.95,0.32322
1453.05,0.32317
1453.95,0.32272
1454.05,0.32267
1454.95,0.3222
1455.05,0.32215
1455.95,0.3217
1456.05,0.32165
1456.95,0.32118
1457.05,0.32113
1457.95,0.32067
1458.05,0.32062
1458.95,0.32016
1459.05,0.32011
1459.95,0.31964
1460.05,0.31959
1460.95,0.31913
1461.05,0.31908
1461.95,0.31861
1462.05,0.31856
1462.95,0.3181
1463.05,0.31805
1463.95,0.31758
1464.05,0.31753
1464.95,0.31707
1465.05,0.31701
1465.95,0.31653
1466.05,0.31648
1466.95,0.316
1467.05,0.31595
1467.95,0.31544
1468.05,0.31538
1468.95,0.31486
1469.05,0.3148
1469.95,0.31426
1470.05,0.3142
1470.95,0.31367
1471.05,0.31361
1471.95,0.31306
1472.05,0.313
1472.95,0.31246
1473.05,0.3124
1473.95,0.31186
1474.05,0.3118
1474.95,0.31126
1475.05,0.3112
1475.95,0.31067
1476.05,0.31061
1476.95,0.31007
1477.05,0.31001
1477.95,0.30949
1478.05,0.30943
1478.95,0.30891
1479.05,0.30885
1479.95,0.30835
1480.05,0.30829
1480.95,0.30779
1481.05,0.30773
1481.95,0.30725
1482.05,0.30719
1482.95,0.3067
1483.05,0.30665
1483.95,0.30618
1484.05,0.30613
1484.95,0.30566
1485.05,0.3056
1485.95,0.30515
1486.05,0.3051
1486.95,0.30465
1487.05,0.3046
1487.95,0.30416
1488.05,0.30411
1488.95,0.30367
1489.05,0.30362
1489.95,0.30319
1490.05,0.30314
1490.95,0.30272
1491.05,0.30267
1491.95,0.30225
1492.05,0.30221
1492.95,0.3018
1493.05,0.30176
1493.95,0.30135
1494.05,0.30131
1494.95,0.30091
1495.05,0.30087
1495.95,0.30048
1496.05,0.30044
1496.95,0.30006
1497.05,0.30001
1497.95,0.29965
1498.05,0.29961
1498.95,0.29926
1499.05,0.29922
1499.95,0.29888
1500.05,0.29885
1500.95,0.29854
1501.05,0.29851
1501.95,0.29821
1502.05,0.29818
1502.95,0.29789
1503.05,0.29786
1503.95,0.29758
1504.05,0.29755
1504.95,0.29728
1505.05,0.29725
1505.95,0.29699
1506.05,0.29696
1506.95,0.2967
1507.05,0.29667
1507.95,0.29643
1508.05,0.2964
1508.95,0.29614
1509.05,0.29611
1509.95,0.29584
1510.05,0.29581
1510.95,0.29553
1511.05,0.2955
1511.95,0.29521
1512.05,0.29518
1512.95,0.29488
1513.05,0.29484
1513.95,0.29454
1514.05,0.2945
1514.95,0.2942
1515.05,0.29417
1515.95,0.29386
1516.05,0.29382
1516.95,0.29351
1517.05,0.29348
1517.95,0.29317
1518.05,0.29314
1518.95,0.29282
1519.05,0.29279
1519.95,0.29247
1520.05,0.29243
1520.95,0.29211
1521.05,0.29208
1521.95,0.29176
1522.05,0.29172
1522.95,0.29139
1523.05,0.29135
1523.95,0.29101
1524.05,0.29098
1524.95,0.29063
1525.05,0.29059
1525.95,0.29023
1526.05,0.29019
1526.95,0.28981
1527.05,0.28977
1527.95,0.28937
1528.05,0.28932
1528.95,0.28891
1529.05,0.28886
1529.95,0.28844
1530.05,0.2884
1530.95,0.28796
1531.05,0.28791
1531.95,0.28747
1532.05,0.28742
1532.95,0.28697
1533.05,0.28691
1533.95,0.28646
1534.05,0.28641
1534.95,0.28593
1535.05,0.28588
1535.95,0.2854
1536.05,0.28535
1536.95,0.28486
1537.05,0.2848
1537.95,0.28431
1538.05,0.28426
1538.95,0.28375
1539.05,0.28369
1539.95,0.28319
1540.05,0.28313
1540.95,0.2826
1541.05,0.28254
1541.95,0.282
1542.05,0.28194
1542.95,0.28137
1543.05,0.2813
1543.95,0.28073
1544.05,0.28066
1544.95,0.28007
1545.05,0.28
1545.95,0.27941
1546.05,0.27935
1546.95,0.27875
1547.05,0.27869
1547.95,0.27809
1548.05,0.27802
1548.95,0.27742
1549.05,0.27736
1549.95,0.27675
1550.05,0.27668
1550.95,0.27608
1551.05,0.27601
1551.95,0.2754
1552.05,0.27534
1552.95,0.27471
1553.05,0.27464
1553.95,0.27402
1554.05,0.27395
1554.95,0.27333
1555.05,0.27326
1555.95,0.27262
1556.05,0.27255
1556.95,0.27192
1557.05,0.27185
1557.95,0.2712
1558.05,0.27114
1558.95,0.27049
1559.05,0.27042
1559.95,0.26979
1560.05,0.26971
1560.95,0.26908
1561.05,0.26901
1561.95,0.26839
1562.05,0.26832
1562.95,0.26771
1563.05,0.26764
1563.95,0.26705
1564.05,0.26698
1564.95,0.26641
1565.05,0.26635
1565.95,0.26578
1566.05,0.26572
1566.95,0.26517
1567.05,0.26511
1567.95,0.26458
1568.05,0.26452
1568.95,0.26398
1569.05,0.26392
1569.95,0.26341
1570.05,0.26335
1570.95,0.26284
1571.05,0.26279
1571.95,0.26231
1572.05,0.26225
1572.95,0.26178
1573.05,0.26173
1573.95,0.26128
1574.05,0.26124
1574.95,0.26081
1575.05,0.26077
1575.95,0.26035
1576.05,0.26031
1576.95,0.25992
1577.05,0.25988
1577.95,0.25949
1578.05,0.25944
1578.95,0.25907
1579.05,0.25903
1579.95,0.25865
1580.05,0.25861
1580.95,0.25824
1581.05,0.2582
1581.95,0.25785
1582.05,0.25781
1582.95,0.25746
1583.05,0.25742
1583.95,0.25706
1584.05,0.25702
1584.95,0.25668
1585.05,0.25664
1585.95,0.2563
1586.05,0.25626
1586.95,0.25593
1587.05,0.25589
1587.95,0.25557
1588.05,0.25553
1588.95,0.25522
1589.05,0.25518
1589.95,0.25488
1590.05,0.25485
1590.95,0.25456
1591.05,0.25453
1591.95,0.25424
1592.05,0.2542
1592.95,0.25392
1593.05,0.25389
1593.95,0.2536
1594.05,0.25358
1594.95,0.2533
1595.05,0.25326
1595.95,0.25298
1596.05,0.25295
1596.95,0.25266
1597.05,0.25263
1597.95,0.25235
1598.05,0.25232
1598.95,0.25203
1599.05,0.252
1599.95,0.2517
1600.05,0.25167
1600.95,0.25137
1601.05,0.25134
1601.95,0.25104
1602.05,0.251
1602.95,0.2507
1603.05,0.25066
1603.95,0.25035
1604.05,0.25032
1604.95,0.25001
1605.05,0.24998
1605.95,0.24966
1606.05,0.24963
1606.95,0.24931
1607.05,0.24928
1607.95,0.24898
1608.05,0.24895
1608.95,0.24864
1609.05,0.24861
1609.95,0.24831
1610.05,0.24827
1610.95,0.24799
1611.05,0.24796
1611.95,0.24768
1612.05,0.24765
1612.95,0.24738
1613.05,0.24735
1613.95,0.24709
1614.05,0.24706
1614.95,0.24683
1615.05,0.2468
1615.95,0.24658
1616.05,0.24655
1616.95,0.24634
1617.05,0.24632
1617.95,0.24612
1618.05,0.2461
1618.95,0.24591
1619.05,0.2459
1619.95,0.24574
1620.05,0.24572
1620.95,0.24557
1621.05,0.24555
1621.95,0.24541
1622.05,0.2454
1622.95,0.24528
1623.05,0.24527
1623.95,0.24517
1624.05,0.24516
1624.95,0.24538
1625.05,0.24543
1625.95,0.24583
1626.05,0.24586
1626.95,0.24607
1627.05,0.24608
1627.95,0.246
1628.05,0.24597
1628.95,0.24547
1629.05,0.24539
1629.95,0.24474
1630.05,0.2447
1630.95,0.24432
1631.05,0.24427
1631.95,0.24388
1632.05,0.24383
1632.95,0.24344
1633.05,0.24339
1633.95,0.24297
1634.05,0.24293
1634.95,0.24251
1635.05,0.24246
1635.95,0.24202
1636.05,0.24197
1636.95,0.24152
1637.05,0.24148
1637.95,0.24102
1638.05,0.24097
1638.95,0.2405
1639.05,0.24045
1639.95,0.23999
1640.05,0.23993
1640.95,0.23945
1641.05,0.2394
1641.95,0.23892
1642.05,0.23887
1642.95,0.23838
1643.05,0.23832
1643.95,0.23783
1644.05,0.23778
1644.95,0.23728
1645.05,0.23722
1645.95,0.23673
1646.05,0.23667
1646.95,0.23616
1647.05,0.23611
1647.95,0.23561
1648.05,0.23555
1648.95,0.23504
1649.05,0.23499
1649.95,0.23448
1650.05,0.23443
1650.95,0.23392
1651.05,0.23386
1651.95,0.23336
1652.05,0.2333
1652.95,0.23279
1653.05,0.23274
1653.95,0.23224
1654.05,0.23218
1654.95,0.23168
1655.05,0.23162
1655.95,0.23113
1656.05,0.23108
1656.95,0.23058
1657.05,0.23053
1657.95,0.23004
1658.05,0.22999
1658.95,0.2295
1659.05,0.22945
1659.95,0.22898
1660.05,0.22893
1660.95,0.22845
1661.05,0.2284
1661.95,0.22794
1662.05,0.22789
1662.95,0.22744
1663.05,0.22738
1663.95,0.22685
1664.05,0.22679
1664.95,0.22624
1665.05,0.22618
1665.95,0.22568
1666.05,0.22563
1666.95,0.22516
1667.05,0.2251
1667.95,0.22468
1668.05,0.22463
1668.95,0.22422
1669.05,0.22418
1669.95,0.22381
1670.05,0.22376
1670.95,0.22341
1671.05,0.22337
1671.95,0.22303
1672.05,0.223
1672.95,0.22269
1673.05,0.22266
1673.95,0.22236
1674.05,0.22233
1674.95,0.22204
1675.05,0.22201
1675.95,0.22173
1676.05,0.2217
1676.95,0.22144
1677.05,0.22141
1677.95,0.22115
1678.05,0.22112
1678.95,0.22081
1679.05,0.22077
1679.95,0.2204
1680.05,0.22036
1680.95,0.21998
1681.05,0.21994
1681.95,0.21956
1682.05,0.21951
1682.95,0.21914
1683.05,0.2191
1683.95,0.21872
1684.05,0.21868
1684.95,0.2183
1685.05,0.21826
1685.95,0.21788
1686.05,0.21784
1686.95,0.21745
1687.05,0.21741
1687.95,0.21704
1688.05,0.217
1688.95,0.21661
1689.05,0.21657
1689.95,0.21619
1690.05,0.21615
1690.95,0.21577
1691.05,0.21573
1691.95,0.21534
1692.05,0.2153
1692.95,0.21492
1693.05,0.21488
1693.95,0.2145
1694.05,0.21445
1694.95,0.21406
1695.05,0.21402
1695.95,0.21364
1696.05,0.21359
1696.95,0.2132
1697.05,0.21316
1697.95,0.21278
1698.05,0.21274
1698.95,0.21234
1699.05,0.2123
1699.95,0.21191
1700.05,0.21186
1700.95,0.21148
1701.05,0.21144
1701.95,0.21105
1702.05,0.211
1702.95,0.21062
1703.05,0.21058
1703.95,0.21019
1704.05,0.21014
1704.95,0.20975
1705.05,0.20971
1705.95,0.20933
1706.05,0.20928
1706.95,0.20889
1707.05,0.20885
1707.95,0.20847
1708.05,0.20842
1708.95,0.20803
1709.05,0.20799
1709.95,0.2076
1710.05,0.20755
1710.95,0.20717
1711.05,0.20713
1711.95,0.20673
1712.05,0.20669
1712.95,0.2063
1713.05,0.20627
1713.95,0.20588
1714.05,0.20583
1714.95,0.20544
1715.05,0.2054
1715.95,0.20502
1716.05,0.20498
1716.95,0.20459
1717.05,0.20454
1717.95,0.20416
1718.05,0.20411
1718.95,0.20374
1719.05,0.20369
1719.95,0.20331
1720.05,0.20327
1720.95,0.20289
1721.05,0.20285
1721.95,0.20247
1722.05,0.20242
1722.95,0.20204
1723.05,0.202
1723.95,0.20163
1724.05,0.20159
1724.95,0.20121
1725.05,0.20117
1725.95,0.20079
1726.05,0.20076
1726.95,0.20038
1727.05,0.20034
1727.95,0.19996
1728.05,0.19992
1728.95,0.19956
1729.05,0.19952
1729.95,0.19914
1730.05,0.1991
1730.95,0.19873
1731.05,0.19869
1731.95,0.19833
1732.05,0.19829
1732.95,0.19792
1733.05,0.19788
1733.95,0.19751
1734.05,0.19747
1734.95,0.19712
1735.05,0.19708
1735.95,0.19671
1736.05,0.19667
1736.95,0.19632
1737.05,0.19628
1737.95,0.19592
1738.05,0.19588
1738.95,0.19552
1739.05,0.19548
1739.95,0.19513
1740.05,0.19509
1740.95,0.19474
1741.05,0.1947
1741.95,0.19434
1742.05,0.1943
1742.95,0.19396
1743.05,0.19392
1743.95,0.19357
1744.05,0.19353
1744.95,0.19318
1745.05,0.19314
1745.95,0.1928
1746.05,0.19276
1746.95,0.19241
1747.05,0.19237
1747.95,0.19202
1748.05,0.19198
1748.95,0.19165
1749.05,0.19161
1749.95,0.19126
1750.05,0.19122
1750.95,0.19088
1751.05,0.19085
1751.95,0.1905
1752.05,0.19046
1752.95,0.19012
1753.05,0.19008
1753.95,0.18975
1754.05,0.18971
1754.95,0.18936
1755.05,0.18932
1755.95,0.18898
1756.05,0.18894
1756.95,0.1886
1757.05,0.18857
1757.95,0.18822
1758.05,0.18818
1758.95,0.18784
1759.05,0.1878
1759.95,0.18747
1760.05,0.18743
1760.95,0.18708
1761.05,0.18705
1761.95,0.1867
1762.05,0.18667
1762.95,0.18633
1763.05,0.1863
1763.95,0.18595
1764.05,0.18591
1764.95,0.18557
1765.05,0.18554
1765.95,0.1852
1766.05,0.18517
1766.95,0.18482
1767.05,0.18479
1767.95,0.18445
1768.05,0.18441
1768.95,0.18407
1769.05,0.18404
1769.95,0.18369
1770.05,0.18365
1770.95,0.18331
1771.05,0.18327
1771.95,0.18294
1772.05,0.1829
1772.95,0.18255
1773.05,0.18251
1773.95,0.18217
1774.05,0.18213
1774.95,0.1818
1775.05,0.18176
1775.95,0.18142
1776.05,0.18138
1776.95,0.18104
1777.05,0.181
1777.95,0.18067
1778.05,0.18063
1778.95,0.18029
1779.05,0.18025
1779.95,0.17991
1780.05,0.17987
1780.95,0.17955
1781.05,0.17951
1781.95,0.17917
1782.05,0.17913
1782.95,0.17879
1783.05,0.17877
1783.95,0.17843
1784.05,0.17839
1784.95,0.17805
1785.05,0.17801
1785.95,0.17767
1786.05,0.17765
1786.95,0.17731
1787.05,0.17727
1787.95,0.17694
1788.05,0.1769
1788.95,0.17657
1789.05,0.17654
1789.95,0.1762
1790.05,0.17617
1790.95,0.17583
1791.05,0.1758
1791.95,0.17547
1792.05,0.17544
1792.95,0.17511
1793.05,0.17507
1793.95,0.17474
1794.05,0.17471
1794.95,0.17438
1795.05,0.17436
1795.95,0.17403
1796.05,0.17399
1796.95,0.17367
1797.05,0.17363
1797.95,0.17331
1798.05,0.17328
1798.95,0.17296
1799.05,0.17293
1799.95,0.17261
1800.05,0.17257
1800.95,0.17226
1801.05,0.17222
1801.95,0.17192
1802.05,0.17188
1802.95,0.17157
1803.05,0.17153
1803.95,0.17122
1804.05,0.17118
1804.95,0.17088
1805.05,0.17085
1805.95,0.17054
1806.05,0.1705
1806.95,0.1702
1807.05,0.17016
1807.95,0.16987
1808.05,0.16983
1808.95,0.16953
1809.05,0.16949
1809.95,0.16919
1810.05,0.16915
1810.95,0.16886
1811.05,0.16883
1811.95,0.16853
1812.05,0.16849
1812.95,0.16819
1813.05,0.16816
1813.95,0.16786
1814.05,0.16783
1814.95,0.16754
1815.05,0.16751
1815.95,0.16721
1816.05,0.16718
1816.95,0.16689
1817.05,0.16685
1817.95,0.16657
1818.05,0.16654
1818.95,0.16625
1819.05,0.16621
1819.95,0.16592
1820.05,0.16589
1820.95,0.1656
1821.05,0.16557
1821.95,0.16529
1822.05,0.16526
1822.95,0.16497
1823.05,0.16494
1823.95,0.16465
1824.05,0.16462
1824.95,0.16434
1825.05,0.16431
1825.95,0.16402
1826.05,0.16399
1826.95,0.16371
1827.05,0.16367
1827.95,0.16339
1828.05,0.16336
1828.95,0.16308
1829.05,0.16305
1829.95,0.16276
1830.05,0.16273
1830.95,0.16244
1831.05,0.16241
1831.95,0.16214
1832.05,0.16211
1832.95,0.16182
1833.05,0.16179
1833.95,0.16151
1834.05,0.16148
1834.95,0.16119
1835.05,0.16117
1835.95,0.16089
1836.05,0.16086
1836.95,0.16058
1837.05,0.16055
1837.95,0.16026
1838.05,0.16023
1838.95,0.15996
1839.05,0.15993
1839.95,0.15965
1840.05,0.15962
1840.95,0.15934
1841.05,0.15931
1841.95,0.15903
1842.05,0.159
1842.95,0.15873
1843.05,0.15869
1843.95,0.15841
1844.05,0.15838
1844.95,0.1581
1845.05,0.15807
1845.95,0.1578
1846.05,0.15777
1846.95,0.15749
1847.05,0.15746
1847.95,0.15718
1848.05,0.15715
1848.95,0.15688
1849.05,0.15685
1849.95,0.15658
1850.05,0.15655
1850.95,0.15628
1851.05,0.15625
1851.95,0.15598
1852.05,0.15595
1852.95,0.15568
1853.05,0.15566
1853.95,0.15539
1854.05,0.15536
1854.95,0.15509
1855.05,0.15506
1855.95,0.15479
1856.05,0.15476
1856.95,0.15451
1857.05,0.15448
1857.95,0.15421
1858.05,0.15419
1858.95,0.15392
1859.05,0.1539
1859.95,0.15364
1860.05,0.15361
1860.95,0.15336
1861.05,0.15333
1861.95,0.15307
1862.05,0.15304
1862.95,0.15279
1863.05,0.15276
1863.95,0.15251
1864.05,0.15248
1864.95,0.15224
1865.05,0.15221
1865.95,0.15196
1866.05,0.15194
1866.95,0.15169
1867.05,0.15166
1867.95,0.15142
1868.05,0.15139
1868.95,0.15116
1869.05,0.15113
1869.95,0.15089
1870.05,0.15086
1870.95,0.15063
1871.05,0.1506
1871.95,0.15037
1872.05,0.15034
1872.95,0.15012
1873.05,0.15009
1873.95,0.14986
1874.05,0.14983
1874.95,0.1496
1875.05,0.14958
1875.95,0.14935
1876.05,0.14932
1876.95,0.1491
1877.05,0.14907
1877.95,0.14886
1878.05,0.14883
1878.95,0.14861
1879.05,0.14858
1879.95,0.14836
1880.05,0.14833
1880.95,0.14811
1881.05,0.14809
1881.95,0.14787
1882.05,0.14785
1882.95,0.14763
1883.05,0.1476
1883.95,0.14738
1884.05,0.14736
1884.95,0.14714
1885.05,0.14711
1885.95,0.14689
1886.05,0.14687
1886.95,0.14666
1887.05,0.14664
1887.95,0.14642
1888.05,0.14639
1888.95,0.14617
1889.05,0.14615
1889.95,0.14593
1890.05,0.1459
1890.95,0.14569
1891.05,0.14567
1891.95,0.14545
1892.05,0.14543
1892.95,0.14521
1893.05,0.14518
1893.95,0.14496
1894.05,0.14494
1894.95,0.14472
1895.05,0.14469
1895.95,0.14448
1896.05,0.14445
1896.95,0.14423
1897.05,0.14421
1897.95,0.14398
1898.05,0.14395
1898.95,0.14372
1899.05,0.14369
1899.95,0.14347
1900.05,0.14345
1900.95,0.14321
1901.05,0.14319
1901.95,0.14295
1902.05,0.14293
1902.95,0.14269
1903.05,0.14267
1903.95,0.14244
1904.05,0.14242
1904.95,0.14218
1905.05,0.14215
1905.95,0.14192
1906.05,0.14189
1906.95,0.14165
1907.05,0.14162
1907.95,0.14139
1908.05,0.14136
1908.95,0.14113
1909.05,0.1411
1909.95,0.14086
1910.05,0.14083
1910.95,0.14059
1911.05,0.14056
1911.95,0.14032
1912.05,0.14029
1912.95,0.14005
1913.05,0.14002
1913.95,0.13977
1914.05,0.13975
1914.95,0.1395
1915.05,0.13947
1915.95,0.13922
1916.05,0.13919
1916.95,0.13895
1917.05,0.13892
1917.95,0.13868
1918.05,0.13865
1918.95,0.1384
1919.05,0.13837
1919.95,0.13812
1920.05,0.13809
1920.95,0.13785
1921.05,0.13783
1921.95,0.13758
1922.05,0.13755
1922.95,0.1373
1923.05,0.13728
1923.95,0.13703
1924.05,0.137
1924.95,0.13676
1925.05,0.13674
1925.95,0.13649
1926.05,0.13647
1926.95,0.13622
1927.05,0.13619
1927.95,0.13595
1928.05,0.13592
1928.95,0.13569
1929.05,0.13567
1929.95,0.13543
1930.05,0.1354
1930.95,0.13516
1931.05,0.13513
1931.95,0.1349
1932.05,0.13487
1932.95,0.13465
1933.05,0.13462
1933.95,0.13439
1934.05,0.13436
1934.95,0.13413
1935.05,0.1341
1935.95,0.13387
1936.05,0.13385
1936.95,0.13363
1937.05,0.1336
1937.95,0.13338
1938.05,0.13335
1938.95,0.13313
1939.05,0.1331
1939.95,0.13288
1940.05,0.13286
1940.95,0.13264
1941.05,0.13262
1941.95,0.13241
1942.05,0.13239
1942.95,0.13217
1943.05,0.13215
1943.95,0.13194
1944.05,0.13191
1944.95,0.1317
1945.05,0.13168
1945.95,0.13147
1946.05,0.13146
1946.95,0.13125
1947.05,0.13123
1947.95,0.13102
1948.05,0.131
1948.95,0.1308
1949.05,0.13078
1949.95,0.13058
1950.05,0.13055
1950.95,0.13036
1951.05,0.13034
1951.95,0.13014
1952.05,0.13012
1952.95,0.12993
1953.05,0.1299
1953.95,0.12971
1954.05,0.12969
1954.95,0.12949
1955.05,0.12947
1955.95,0.12928
1956.05,0.12926
1956.95,0.12908
1957.05,0.12906
1957.95,0.12887
1958.05,0.12885
1958.95,0.12866
1959.05,0.12864
1959.95,0.12845
1960.05,0.12843
1960.95,0.12825
1961.05,0.12823
1961.95,0.12805
1962.05,0.12803
1962.95,0.12785
1963.05,0.12783
1963.95,0.12764
1964.05,0.12762
1964.95,0.12744
1965.05,0.12742
1965.95,0.12724
1966.05,0.12722
1966.95,0.12705
1967.05,0.12703
1967.95,0.12685
1968.05,0.12683
1968.95,0.12665
1969.05,0.12663
1969.95,0.12645
1970.05,0.12643
1970.95,0.12625
1971.05,0.12623
1971.95,0.12605
1972.05,0.12603
1972.95,0.12586
1973.05,0.12584
1973.95,0.12567
1974.05,0.12565
1974.95,0.12547
1975.05,0.12545
1975.95,0.12527
1976.05,0.12525
1976.95,0.12508
1977.05,0.12506
1977.95,0.12488
1978.05,0.12486
1978.95,0.1247
1979.05,0.12468
1979.95,0.1245
1980.05,0.12448
1980.95,0.12431
1981.05,0.12429
1981.95,0.12411
1982.05,0.12409
1982.95,0.12392
1983.05,0.1239
1983.95,0.12373
1984.05,0.12371
1984.95,0.12354
1985.05,0.12352
1985.95,0.12335
1986.05,0.12333
1986.95,0.12315
1987.05,0.12313
1987.95,0.12296
1988.05,0.12294
1988.95,0.12277
1989.05,0.12275
1989.95,0.12258
1990.05,0.12257
1990.95,0.12239
1991.05,0.12237
1991.95,0.1222
1992.05,0.12218
1992.95,0.12201
1993.05,0.12199
1993.95,0.12181
1994.05,0.12179
1994.95,0.12162
1995.05,0.1216
1995.95,0.12144
1996.05,0.12142
1996.95,0.12124
1997.05,0.12123
1997.95,0.12105
1998.05,0.12103
1998.95,0.12086
1999.05,0.12084
1999.95,0.12067
2000.05,0.12065
2000.95,0.12047
2001.05,0.12046
2001.95,0.12029
2002.05,0.12027
2002.95,0.1201
2003.05,0.12008
2003.95,0.1199
2004.05,0.11988
2004.95,0.11971
2005.05,0.11969
2005.95,0.11952
2006.05,0.1195
2006.95,0.11933
2007.05,0.11931
2007.95,0.11914
2008.05,0.11912
2008.95,0.11894
2009.05,0.11892
2009.95,0.11874
2010.05,0.11872
2010.95,0.11855
2011.05,0.11853
2011.95,0.11835
2012.05,0.11833
2012.95,0.11817
2013.05,0.11815
2013.95,0.11797
2014.05,0.11795
2014.95,0.11777
2015.05,0.11775
2015.95,0.11758
2016.05,0.11756
2016.95,0.11738
2017.05,0.11736
2017.95,0.11718
2018.05,0.11716
2018.95,0.11699
2019.05,0.11697
2019.95,0.11679
2020.05,0.11677
2020.95,0.11659
2021.05,0.11657
2021.95,0.11639
2022.05,0.11637
2022.95,0.11619
2023.05,0.11617
2023.95,0.116
2024.05,0.11598
2024.95,0.1158
2025.05,0.11578
2025.95,0.1156
2026.05,0.11558
2026.95,0.1154
2027.05,0.11538
2027.95,0.11519
2028.05,0.11517
2028.95,0.11499
2029.05,0.11497
2029.95,0.1148
2030.05,0.11478
2030.95,0.1146
2031.05,0.11458
2031.95,0.11439
2032.05,0.11437
2032.95,0.11419
2033.05,0.11417
2033.95,0.11399
2034.05,0.11397
2034.95,0.11379
2035.05,0.11377
2035.95,0.11359
2036.05,0.11357
2036.95,0.11338
2037.05,0.11336
2037.95,0.11318
2038.05,0.11316
2038.95,0.11297
2039.05,0.11295
2039.95,0.11277
2040.05,0.11276
2040.95,0.11257
2041.05,0.11255
2041.95,0.11237
2042.05,0.11235
2042.95,0.11217
2043.05,0.11215
2043.95,0.11196
2044.05,0.11194
2044.95,0.11176
2045.05,0.11174
2045.95,0.11156
2046.05,0.11154
2046.95,0.11136
2047.05,0.11134
2047.95,0.11116
2048.05,0.11114
2048.95,0.11095
2049.05,0.11093
2049.95,0.11075
2050.05,0.11073
2050.95,0.11056
2051.05,0.11054
2051.95,0.11035
2052.05,0.11033
2052.95,0.11015
2053.05,0.11013
2053.95,0.10995
2054.05,0.10993
2054.95,0.10975
2055.05,0.10973
2055.95,0.10955
2056.05,0.10953
2056.95,0.10936
2057.05,0.10934
2057.95,0.10916
2058.05,0.10914
2058.95,0.10896
2059.05,0.10894
2059.95,0.10876
2060.05,0.10874
2060.95,0.10856
2061.05,0.10854
2061.95,0.10836
2062.05,0.10835
2062.95,0.10817
2063.05,0.10815
2063.95,0.10797
2064.05,0.10795
2064.95,0.10778
2065.05,0.10776
2065.95,0.10758
2066.05,0.10756
2066.95,0.10738
2067.05,0.10736
2067.95,0.1072
2068.05,0.10718
2068.95,0.107
2069.05,0.10698
2069.95,0.10681
2070.05,0.10679
2070.95,0.10662
2071.05,0.1066
2071.95,0.10642
2072.05,0.1064
2072.95,0.10623
2073.05,0.10621
2073.95,0.10605
2074.05,0.10603
2074.95,0.10586
2075.05,0.10584
2075.95,0.10566
2076.05,0.10564
2076.95,0.10547
2077.05,0.10545
2077.95,0.10528
2078.05,0.10526
2078.95,0.10509
2079.05,0.10508
2079.95,0.10492
2080.05,0.1049
2080.95,0.10473
2081.05,0.10471
2081.95,0.10454
2082.05,0.10452
2082.95,0.10435
2083.05,0.10434
2083.95,0.10417
2084.05,0.10415
2084.95,0.10398
2085.05,0.10396
2085.95,0.1038
2086.05,0.10379
2086.95,0.10362
2087.05,0.1036
2087.95,0.10344
2088.05,0.10342
2088.95,0.10325
2089.05,0.10323
2089.95,0.10307
2090.05,0.10305
2090.95,0.10289
2091.05,0.10287
2091.95,0.10272
2092.05,0.1027
2092.95,0.10253
2093.05,0.10252
2093.95,0.10235
2094.05,0.10234
2094.95,0.10218
2095.05,0.10216
2095.95,0.102
2096.05,0.10198
2096.95,0.10182
2097.05,0.1018
2097.95,0.10165
2098.05,0.10163
2098.95,0.10147
2099.05,0.10146
2099.95,0.1013
2100.05,0.10128
2100.95,0.10112
2101.05,0.1011
2101.95,0.10095
2102.05,0.10093
2102.95,0.10077
2103.05,0.10075
2103.95,0.10061
2104.05,0.10059
2104.95,0.10043
2105.05,0.10042
2105.95,0.10026
2106.05,0.10024
2106.95,0.10009
2107.05,0.10007
2107.95,0.099922
2108.05,0.099902
2108.95,0.099743
2109.05,0.099733
2109.95,0.099575
2110.05,0.099555
2110.95,0.099406
2111.05,0.099387
2111.95,0.099238
2112.05,0.099218
2112.95,0.099065
2113.05,0.099049
2113.95,0.098896
2114.05,0.098879
2114.95,0.098727
2115.05,0.09871
2115.95,0.098557
2116.05,0.09854
2116.95,0.098388
2117.05,0.098371
2117.95,0.098219
2118.05,0.098202
2118.95,0.09805
2119.05,0.098033
2119.95,0.097881
2120.05,0.097864
2120.95,0.097712
2121.05,0.097694
2121.95,0.09754
2122.05,0.097523
2122.95,0.097369
2123.05,0.097351
2123.95,0.097197
2124.05,0.09718
2124.95,0.097025
2125.05,0.097008
2125.95,0.096854
2126.05,0.096837
2126.95,0.096682
2127.05,0.096665
2127.95,0.096511
2128.05,0.096494
2128.95,0.096339
2129.05,0.096322
2129.95,0.096168
2130.05,0.096151
2130.95,0.095997
2131.05,0.09598
2131.95,0.095826
2132.05,0.095809
2132.95,0.095655
2133.05,0.095638
2133.95,0.095482
2134.05,0.095465
2134.95,0.095309
2135.05,0.095292
2135.95,0.095136
2136.05,0.095118
2136.95,0.094964
2137.05,0.094946
2137.95,0.094791
2138.05,0.094775
2138.95,0.09462
2139.05,0.094603
2139.95,0.094448
2140.05,0.094432
2140.95,0.094278
2141.05,0.094261
2141.95,0.094109
2142.05,0.094091
2142.95,0.093939
2143.05,0.093922
2143.95,0.093771
2144.05,0.093754
2144.95,0.093603
2145.05,0.093586
2145.95,0.093436
2146.05,0.09342
2146.95,0.09327
2147.05,0.093253
2147.95,0.093105
2148.05,0.093089
2148.95,0.092941
2149.05,0.092925
2149.95,0.092779
2150.05,0.092762
2150.95,0.092617
2151.05,0.092601
2151.95,0.092457
2152.05,0.092441
2152.95,0.092297
2153.05,0.092281
2153.95,0.092139
2154.05,0.092124
2154.95,0.091983
2155.05,0.091967
2155.95,0.091828
2156.05,0.091812
2156.95,0.091675
2157.05,0.091659
2157.95,0.091522
2158.05,0.091507
2158.95,0.091372
2159.05,0.091358
2159.95,0.091224
2160.05,0.091209
2160.95,0.091077
2161.05,0.091062
2161.95,0.090932
2162.05,0.090918
2162.95,0.090788
2163.05,0.090774
2163.95,0.090645
2164.05,0.090631
2164.95,0.090504
2165.05,0.09049
2165.95,0.090365
2166.05,0.090351
2166.95,0.090226
2167.05,0.090212
2167.95,0.090089
2168.05,0.090075
2168.95,0.089952
2169.05,0.089939
2169.95,0.089819
2170.05,0.089805
2170.95,0.089685
2171.05,0.089672
2171.95,0.089553
2172.05,0.089539
2172.95,0.089421
2173.05,0.089408
2173.95,0.089291
2174.05,0.089278
2174.95,0.089163
2175.05,0.08915
2175.95,0.089034
2176.05,0.089021
2176.95,0.088907
2177.05,0.088894
2177.95,0.08878
2178.05,0.088767
2178.95,0.088654
2179.05,0.088641
2179.95,0.088528
2180.05,0.088516
2180.95,0.088404
2181.05,0.088392
2181.95,0.08828
2182.05,0.088268
2182.95,0.088156
2183.05,0.088143
2183.95,0.088031
2184.05,0.088019
2184.95,0.087907
2185.05,0.087894
2185.95,0.087783
2186.05,0.08777
2186.95,0.087659
2187.05,0.087647
2187.95,0.087536
2188.05,0.087523
2188.95,0.087412
2189.05,0.087401
2189.95,0.08729
2190.05,0.087278
2190.95,0.087167
2191.05,0.087154
2191.95,0.087044
2192.05,0.087031
2192.95,0.08692
2193.05,0.086908
2193.95,0.086797
2194.05,0.086784
2194.95,0.086672
2195.05,0.08666
2195.95,0.086547
2196.05,0.086535
2196.95,0.086422
2197.05,0.08641
2197.95,0.086297
2198.05,0.086285
2198.95,0.086171
2199.05,0.086159
2199.95,0.086045
2200.05,0.086032
2200.95,0.085919
2201.05,0.085906
2201.95,0.085792
2202.05,0.085779
2202.95,0.085664
2203.05,0.085651
2203.95,0.085536
2204.05,0.085524
2204.95,0.085409
2205.05,0.085396
2205.95,0.08528
2206.05,0.085267
2206.95,0.08515
2207.05,0.085137
2207.95,0.085019
2208.05,0.085005
2208.95,0.084887
2209.05,0.084874
2209.95,0.084755
2210.05,0.084742
2210.95,0.084622
2211.05,0.084609
2211.95,0.084488
2212.05,0.084475
2212.95,0.084354
2213.05,0.084341
2213.95,0.084219
2214.05,0.084207
2214.95,0.084085
2215.05,0.084072
2215.95,0.083949
2216.05,0.083936
2216.95,0.083813
2217.05,0.083799
2217.95,0.083676
2218.05,0.083663
2218.95,0.083539
2219.05,0.083525
2219.95,0.083399
2220.05,0.083385
2220.95,0.083259
2221.05,0.083245
2221.95,0.083119
2222.05,0.083106
2222.95,0.082979
2223.05,0.082965
2223.95,0.082837
2224.05,0.082823
2224.95,0.082696
2225.05,0.082681
2225.95,0.082555
2226.05,0.08254
2226.95,0.082413
2227.05,0.082398
2227.95,0.08227
2228.05,0.082256
2228.95,0.082128
2229.05,0.082114
2229.95,0.081986
2230.05,0.081971
2230.95,0.081842
2231.05,0.081828
2231.95,0.081698
2232.05,0.081684
2232.95,0.081555
2233.05,0.081541
2233.95,0.081411
2234.05,0.081397
2234.95,0.081267
2235.05,0.081253
2235.95,0.081125
2236.05,0.08111
2236.95,0.080981
2237.05,0.080967
2237.95,0.080838
2238.05,0.080824
2238.95,0.080695
2239.05,0.080682
2239.95,0.080553
2240.05,0.080539
2240.95,0.080411
2241.05,0.080397
2241.95,0.080269
2242.05,0.080255
2242.95,0.080129
2243.05,0.080115
2243.95,0.079988
2244.05,0.079974
2244.95,0.079848
2245.05,0.079834
2245.95,0.079709
2246.05,0.079696
2246.95,0.079571
2247.05,0.079557
2247.95,0.079432
2248.05,0.079418
2248.95,0.079295
2249.05,0.079281
2249.95,0.079157
2250.05,0.079145
2250.95,0.079022
2251.05,0.079008
2251.95,0.078886
2252.05,0.078873
2252.95,0.078751
2253.05,0.078737
2253.95,0.078617
2254.05,0.078603
2254.95,0.078484
2255.05,0.078471
2255.95,0.078351
2256.05,0.078338
2256.95,0.078219
2257.05,0.078206
2257.95,0.078088
2258.05,0.078075
2258.95,0.077957
2259.05,0.077944
2259.95,0.077828
2260.05,0.077815
2260.95,0.077698
2261.05,0.077685
2261.95,0.077569
2262.05,0.077556
2262.95,0.07744
2263.05,0.077427
2263.95,0.077312
2264.05,0.077299
2264.95,0.077184
2265.05,0.077172
2265.95,0.077058
2266.05,0.077045
2266.95,0.07693
2267.05,0.076917
2267.95,0.076803
2268.05,0.07679
2268.95,0.076676
2269.05,0.076663
2269.95,0.07655
2270.05,0.076537
2270.95,0.076423
2271.05,0.07641
2271.95,0.076297
2272.05,0.076285
2272.95,0.076172
2273.05,0.076159
2273.95,0.076045
2274.05,0.076033
2274.95,0.075919
2275.05,0.075906
2275.95,0.075793
2276.05,0.07578
2276.95,0.075666
2277.05,0.075654
2277.95,0.075539
2278.05,0.075526
2278.95,0.075412
2279.05,0.075399
2279.95,0.075283
2280.05,0.07527
2280.95,0.075154
2281.05,0.075141
2281.95,0.075025
2282.05,0.075012
2282.95,0.074896
2283.05,0.074883
2283.95,0.074767
2284.05,0.074754
2284.95,0.074638
2285.05,0.074625
2285.95,0.074509
2286.05,0.074495
2286.95,0.074378
2287.05,0.074365
2287.95,0.074248
2288.05,0.074235
2288.95,0.074118
2289.05,0.074104
2289.95,0.073985
2290.05,0.073973
2290.95,0.073853
2291.05,0.07384
2291.95,0.07372
2292.05,0.073707
2292.95,0.073587
2293.05,0.073574
2293.95,0.073454
2294.05,0.07344
2294.95,0.073322
2295.05,0.073308
2295.95,0.073188
2296.05,0.073175
2296.95,0.073055
2297.05,0.073042
2297.95,0.072922
2298.05,0.072909
2298.95,0.072789
2299.05,0.072776
2299.95,0.072657
2300.05,0.072644
2300.95,0.072524
2301.05,0.07251
2301.95,0.072391
2302.05,0.072377
2302.95,0.072258
2303.05,0.072244
2303.95,0.072125
2304.05,0.072113
2304.95,0.071994
2305.05,0.071981
2305.95,0.071862
2306.05,0.071849
2306.95,0.071731
2307.05,0.071718
2307.95,0.0716
2308.05,0.071587
2308.95,0.07147
2309.05,0.071457
2309.95,0.071342
2310.05,0.071329
2310.95,0.071213
2311.05,0.0712
2311.95,0.071085
2312.05,0.071072
2312.95,0.070958
2313.05,0.070945
2313.95,0.070831
2314.05,0.070819
2314.95,0.070706
2315.05,0.070693
2315.95,0.070581
2316.05,0.07057
2316.95,0.070458
2317.05,0.070446
2317.95,0.070335
2318.05,0.070323
2318.95,0.070213
2319.05,0.070201
2319.95,0.070091
2320.05,0.070079
2320.95,0.06997
2321.05,0.069958
2321.95,0.06985
2322.05,0.069838
2322.95,0.069731
2323.05,0.069719
2323.95,0.069613
2324.05,0.069601
2324.95,0.069495
2325.05,0.069483
2325.95,0.069378
2326.05,0.069366
2326.95,0.069262
2327.05,0.069251
2327.95,0.069146
2328.05,0.069135
2328.95,0.069032
2329.05,0.06902
2329.95,0.068918
2330.05,0.068906
2330.95,0.068804
2331.05,0.068792
2331.95,0.06869
2332.05,0.068679
2332.95,0.068578
2333.05,0.068566
2333.95,0.068465
2334.05,0.068454
2334.95,0.068353
2335.05,0.068342
2335.95,0.06824
2336.05,0.068229
2336.95,0.068128
2337.05,0.068117
2337.95,0.068016
2338.05,0.068005
2338.95,0.067904
2339.05,0.067893
2339.95,0.067793
2340.05,0.067782
2340.95,0.067683
2341.05,0.067671
2341.95,0.067572
2342.05,0.067561
2342.95,0.067462
2343.05,0.067451
2343.95,0.067352
2344.05,0.067341
2344.95,0.067243
2345.05,0.067232
2345.95,0.067134
2346.05,0.067123
2346.95,0.067024
2347.05,0.067013
2347.95,0.066914
2348.05,0.066903
2348.95,0.066805
2349.05,0.066794
2349.95,0.066697
2350.05,0.066686
2350.95,0.066588
2351.05,0.066577
2351.95,0.06648
2352.05,0.066469
2352.95,0.066373
2353.05,0.066362
2353.95,0.066266
2354.05,0.066255
2354.95,0.06616
2355.05,0.066149
2355.95,0.066054
2356.05,0.066043
2356.95,0.065948
2357.05,0.065938
2357.95,0.065842
2358.05,0.065833
2358.95,0.065738
2359.05,0.065729
2359.95,0.065634
2360.05,0.065624
2360.95,0.065531
2361.05,0.065521
2361.95,0.065429
2362.05,0.065419
2362.95,0.065327
2363.05,0.065317
2363.95,0.065226
2364.05,0.065216
2364.95,0.065125
2365.05,0.065115
2365.95,0.065025
2366.05,0.065015
2366.95,0.064926
2367.05,0.064916
2367.95,0.064827
2368.05,0.064817
2368.95,0.064729
2369.05,0.064719
2369.95,0.064631
2370.05,0.064621
2370.95,0.064533
2371.05,0.064523
2371.95,0.064437
2372.05,0.064427
2372.95,0.064341
2373.05,0.064331
2373.95,0.064246
2374.05,0.064236
2374.95,0.064151
2375.05,0.064141
2375.95,0.064056
2376.05,0.064047
2376.95,0.063962
2377.05,0.063953
2377.95,0.063868
2378.05,0.063859
2378.95,0.063774
2379.05,0.063765
2379.95,0.063681
2380.05,0.063671
2380.95,0.063587
2381.05,0.063577
2381.95,0.063493
2382.05,0.063484
2382.95,0.0634
2383.05,0.063391
2383.95,0.063307
2384.05,0.063298
2384.95,0.063214
2385.05,0.063204
2385.95,0.063122
2386.05,0.063112
2386.95,0.06303
2387.05,0.063021
2387.95,0.062939
2388.05,0.06293
2388.95,0.062848
2389.05,0.062839
2389.95,0.062758
2390.05,0.062749
2390.95,0.062666
2391.05,0.062657
2391.95,0.062575
2392.05,0.062566
2392.95,0.062484
2393.05,0.062475
2393.95,0.062394
2394.05,0.062385
2394.95,0.062305
2395.05,0.062296
2395.95,0.062216
2396.05,0.062208
2396.95,0.062129
2397.05,0.06212
2397.95,0.062043
2398.05,0.062034
2398.95,0.061958
2399.05,0.061949
2399.95,0.061874
