pulsar,P_s,Pponto_s_por_s,distancia_kpc
J0006+1834,0.69374767,2.0970e-15,0.70
J0007+7303,0.315873191,3.6039e-13,1.40
J0014+4746,1.24069904,5.6446e-16,1.82
J0024-7204E,0.00353632915,9.8509e-20,4.00
J0024-7204F,0.00262357935,6.4500e-20,4.00
J0024-7204O,0.0026433433,3.0353e-20,4.00
J0024-7204Q,0.00403318118,3.4013e-20,4.00
J0024-7204T,0.00758847981,2.9374e-19,4.00
J0024-7204U,0.0043428267,9.5229e-20,4.00
J0026+6320,0.318357731,1.5006e-16,13.60
J0030+0451,0.00486545321,1.0174e-20,0.30
J0034-0534,0.00187718188,4.9660e-21,0.98
J0034-0721,0.942950995,4.0821e-16,1.03
J0040+5716,1.11822535,2.8790e-15,4.48
J0045-7042,0.6323358,2.4900e-15,59.70
J0045-7319,0.926275905,4.4632e-15,59.70
J0048+3412,1.2170943,2.3545e-15,3.68
J0051+0423,0.354731799,7.0000e-18,0.94
J0055+5117,2.11517115,9.5376e-15,2.40
J0056+4756,0.472036662,3.3285e-15,1.00
J0057-7201,0.738062443,1.0000e-16,2.49
J0100-7211,8.020392,1.8800e-11,59.70
J0101-6422,0.00257315197,5.1600e-21,0.73
J0102+6537,1.67916423,5.9549e-15,2.45
J0106+4855,0.083157305,4.2792e-16,7.33
J0108-1431,0.807564614,7.7040e-17,0.21
J0108+6608,1.28365984,1.3051e-14,1.65
J0108+6905,1.07111811,4.8090e-17,2.59
J0111-7131,0.688541512,7.0920e-15,59.70
J0113-7220,0.325883016,4.8590e-15,59.70
J0117+5914,0.101439066,5.8500e-15,2.14
J0131-7310,0.348124046,1.7614e-15,59.70
J0133-6957,0.463473742,1.2000e-16,2.42
J0134-2937,0.136961584,7.8372e-17,1.78
J0137+1654,0.414763027,1.2230e-17,2.51
J0139+5621,1.77534383,7.9096e-14,5.54
J0139+5814,0.272450631,1.0712e-14,2.60
J0141+6009,1.22294852,3.9107e-16,2.30
J0146+6145,8.6889941,1.9900e-12,3.60
J0147+5922,0.196321375,2.5676e-16,1.91
J0151-0635,1.46466455,4.4259e-16,1.93
J0152+0948,2.74664729,1.7000e-15,2.30
J0152-1637,0.832741613,1.2992e-15,0.69
J0156+3949,1.81156061,1.5160e-16,4.85
J0157+6212,2.35174494,1.8893e-13,1.61
J0201+7005,1.34918447,5.5144e-15,1.15
J0205+6449,0.0657159285,1.9375e-13,3.20
J0206-4028,0.630550141,1.1994e-15,0.88
J0211-8159,1.0773327,2.9000e-16,1.83
J0212+5222,0.376386292,6.6000e-15,1.91
J0214+5222,0.0245752948,2.9900e-19,1.21
J0215+6218,0.548879819,6.6212e-16,3.19
J0218+4232,0.00232309047,7.7389e-20,3.15
J0231+7026,1.46682031,3.1100e-15,2.25
J0248+6021,0.217094,5.5090e-14,2.00
J0255-5304,0.447708444,3.0600e-17,1.15
J0304+1932,1.38758445,1.2952e-15,0.95
J0323+3944,3.03207196,6.3562e-16,2.61
J0324+5239,0.33662023,3.8100e-16,6.28
J0329+1654,0.893319661,2.1525e-16,3.35
J0332+5434,0.7145197,2.0483e-15,1.00
J0335+4555,0.269200541,7.3505e-18,2.08
J0337+1715,0.00273258863,1.7666e-20,1.30
J0343-3000,2.59702716,5.7000e-17,2.22
J0343+5312,1.93447807,1.3422e-14,2.48
J0348+0432,0.0391226569,2.4075e-19,2.10
J0357+3205,0.444104499,1.3037e-14,
J0357+5236,0.197030098,4.7659e-16,4.73
J0358+5413,0.156382418,4.3969e-15,1.00
J0401-7608,0.545252742,1.5382e-15,1.50
J0406+6138,0.594576165,5.5732e-15,3.05
J0407+1607,0.0257017392,7.9000e-20,4.07
J0415+6954,0.39071509,7.6601e-17,1.57
J0418-4154,0.757118871,9.7000e-16,2.46
J0418+5732,9.07838822,4.1000e-15,
J0420-5022,3.45300403,2.7590e-14,
J0421-0345,2.16130849,1.1634e-15,3.09
J0426+4933,0.92247473,3.9344e-14,3.60
J0437-4715,0.00575745194,5.7292e-20,0.16
J0448-2749,0.450448331,1.4835e-16,2.87
J0449-7031,0.479163971,3.3710e-15,49.70
J0450-1248,0.438014149,1.0265e-16,3.27
J0452-1759,0.548939223,5.7531e-15,0.40
J0453+1559,0.0457818169,1.8612e-18,1.83
J0454+5543,0.340729436,2.3723e-15,1.18
J0455-6951,0.320422712,1.0212e-14,49.70
J0456-7031,0.800132073,3.6700e-14,49.70
J0457-6337,2.4970117,2.1000e-16,2.94
J0458-0505,1.88347966,5.3000e-16,3.83
J0459-0210,1.13307612,1.3982e-15,1.30
J0501+4516,5.76209653,5.8200e-12,2.20
J0502+4654,0.638565482,5.5823e-15,1.78
J0502-6617,0.691251418,2.3090e-14,49.70
J0511-6508,0.322061827,2.0600e-16,2.17
J0514-4002A,0.00499057511,1.1700e-21,12.10
J0519-6932,0.263211635,6.9680e-16,49.70
J0520-2553,0.241642176,3.0092e-17,3.47
J0522-6847,0.674531909,1.7727e-14,49.70
J0525+1115,0.354437595,7.3605e-17,7.68
J0525-6607,8.047,6.5000e-11,
J0528+2200,3.74553925,4.0053e-14,2.28
J0529-6652,0.975724966,1.5509e-14,49.70
J0532-6639,0.642742751,5.3540e-15,49.70
J0533+0402,0.963017702,1.6000e-16,6.66
J0534+2200,0.0333924123,4.2097e-13,2.00
J0534-6703,1.81756503,4.2505e-13,49.70
J0535-6935,0.20051133,1.1500e-14,49.70
J0536-7543,1.2458556,5.6500e-16,1.04
J0537-6910,0.016122222,5.1784e-14,49.70
J0538+2817,0.143158259,3.6695e-15,1.30
J0540+3207,0.524270863,4.4811e-16,2.37
J0540-6919,0.0504988176,4.7892e-13,49.70
J0540-7125,1.28601459,8.2000e-16,2.69
J0543+2329,0.245974769,1.5423e-14,3.54
J0543-6851,0.708954186,3.9400e-15,49.70
J0546+2441,2.84385039,7.6500e-15,3.16
J0554+3107,0.464960966,1.4260e-13,
J0555-7056,0.827838086,5.9600e-15,49.70
J0557+1550,0.00255636708,7.3520e-21,5.65
J0600-5756,2.26136451,2.7800e-15,2.55
J0601-0527,0.39596917,1.3021e-15,7.54
J0609+2130,0.0556980139,2.3500e-19,1.82
J0610-2100,0.0038613247,1.2350e-20,5.64
J0612+3721,0.297982327,5.9468e-17,1.49
J0613-0200,0.00306184409,9.5899e-21,1.09
J0613+3731,0.619198181,3.2448e-15,1.05
J0614+2229,0.334959966,5.9449e-14,4.74
J0614-3329,0.00314866958,1.7500e-20,1.02
J0621+0336,0.269954068,7.2400e-18,3.58
J0621+1002,0.0288538607,4.7320e-20,1.88
J0622+3749,0.333208232,2.5424e-14,
J0623+0340,0.6137596,8.8370e-17,2.53
J0624-0424,1.03907648,8.3044e-16,4.28
J0627+0649,0.346522567,1.6980e-15,4.00
J0627+0706,0.475877009,2.9809e-14,7.88
J0628+0909,1.24142139,5.4790e-16,4.00
J0629+2415,0.476622836,1.9957e-15,4.67
J0630-0046,0.680574832,3.7481e-15,5.57
J0630-2834,1.2444186,7.1229e-15,0.32
J0631+1036,0.287800022,1.0467e-13,6.54
J0633+0632,0.297395191,7.9592e-14,
J0633+1746,0.237099442,1.0971e-14,0.25
J0633-2015,3.25321084,3.8200e-15,7.84
J0636-4549,1.98459737,3.1722e-15,0.98
J0636+5129,0.00286895285,3.3800e-21,0.20
J0645+5158,0.00885349669,4.9230e-21,0.77
J0646+0905,0.9039132,7.3570e-16,9.50
J0647+0913,1.23485363,6.4210e-15,10.84
J0652-0142,0.924053918,1.5250e-16,5.83
J0653+8051,1.21444051,3.7988e-15,3.37
J0656-2228,1.22475441,2.6700e-17,1.79
J0656-5449,0.183156899,3.1910e-17,4.88
J0658+0022,0.563294925,9.1520e-15,6.46
J0659+1414,0.384891195,5.5003e-14,0.28
J0700+6418,0.195670945,6.8530e-19,0.49
J0709-5923,0.485268384,1.2600e-16,4.94
J0711+0931,1.21409049,4.0000e-16,2.39
J0711-6830,0.00549096851,1.4907e-20,1.04
J0719-2545,0.974724731,7.2819e-15,17.33
J0720-3125,8.39111553,6.9830e-14,0.40
J0721-2038,0.015542395,4.4000e-20,3.87
J0725-1635,0.424311403,9.2640e-17,4.68
J0726-2612,3.44230849,2.9311e-13,3.01
J0729-1448,0.251658714,1.1329e-13,4.37
J0729-1836,0.510160345,1.8957e-14,3.25
J0733-2345,1.7962497,5.7040e-15,11.95
J0734-1559,0.15625,1.2200e-14,
J0737-2202,0.32036637,5.4688e-15,4.30
J0737-3039A,0.0226993786,1.7599e-18,1.10
J0737-3039B,2.77346077,8.9200e-16,1.10
J0738-4042,0.374919985,1.6161e-15,1.60
J0742-2822,0.166762292,1.6821e-14,2.00
J0745-5353,0.214836351,2.7300e-15,7.14
J0746-4529,2.79102518,1.6660e-14,5.71
J0749-4247,1.09545216,9.7700e-16,2.36
J0751+1807,0.00347877078,7.7860e-21,0.40
J0754+3231,1.44234948,1.0799e-15,3.92
J0758-1528,0.682265176,1.6189e-15,3.72
J0804-3647,2.1919869,4.2100e-15,7.79
J0806-4123,11.3703859,5.6000e-14,
J0807-5421,0.526643531,3.7800e-16,8.76
J0808-3937,0.866349285,4.0100e-16,5.62
J0809-4753,0.547199236,3.0825e-15,12.71
J0812-3905,0.482595929,4.4900e-17,26.83
J0814+7429,1.29224145,1.6811e-16,0.43
J0815+0939,0.645161191,1.3900e-16,4.52
J0818-3049,0.763741848,5.8000e-16,4.17
J0818-3232,2.16125893,7.5340e-16,3.82
J0820-1350,1.23812954,2.1052e-15,1.90
J0820-3826,0.12483638,2.4417e-15,6.82
J0820-3921,1.07356658,1.2169e-14,6.19
J0820-4114,0.545445536,1.8900e-17,2.38
J0821-4221,0.396728235,3.4781e-15,18.16
J0821-4300,0.112799455,9.3000e-18,2.20
J0823+0159,0.864872805,1.0455e-16,1.44
J0826+2637,0.530660512,1.7093e-15,0.32
J0828-3417,1.8489188,9.9630e-16,0.54
J0831-4406,0.311673518,1.2790e-15,12.73
J0834-4159,0.121116349,4.4370e-15,9.74
J0835-3707,0.541404374,9.7780e-15,2.34
J0835-4510,0.089328385,1.2501e-13,0.28
J0837+0610,1.27376829,6.7992e-15,0.76
J0837-4135,0.751623618,3.5393e-15,1.50
J0838-2621,0.308580662,3.9000e-17,4.56
J0838-3947,1.70394571,8.1000e-16,8.21
J0840-5332,0.720612361,1.6440e-15,7.77
J0842-4851,0.644354056,9.4970e-15,8.68
J0843-5022,0.208955693,1.7238e-16,7.69
J0846-3533,1.11609716,1.6014e-15,1.43
J0847-4316,5.97749274,1.1994e-13,13.44
J0849-6322,0.367953256,7.9080e-16,8.35
J0849+8028,1.60222797,4.4630e-16,3.38
J0855-3331,1.2675357,6.3210e-15,1.21
J0855-4644,0.0646861308,7.2627e-15,9.90
J0855-4658,0.575072383,1.3620e-14,28.35
J0856-6137,0.962508557,1.6770e-15,6.53
J0857-4424,0.32677421,2.3344e-14,6.53
J0900-3144,0.0111096492,4.9120e-20,0.82
J0901-4624,0.441995131,8.7494e-14,7.46
J0902-6325,0.660313372,1.0700e-16,4.44
J0904-4246,0.965170999,1.8870e-15,4.37
J0904-7459,0.549553119,4.6300e-16,4.41
J0905-4536,0.988280597,1.4900e-16,6.35
J0905-5127,0.346287437,2.4898e-14,8.38
J0905-6019,0.340854177,5.2200e-16,4.40
J0907-5157,0.253556015,1.8303e-15,2.63
J0908-1739,0.401625623,6.6950e-16,1.01
J0908-4913,0.106754592,1.5151e-14,1.00
J0909-7212,1.36288995,3.3300e-16,4.00
J0912-3851,1.52608508,3.5900e-15,0.62
J0919-6040,1.21697572,1.0000e-17,3.54
J0921+6254,1.56799402,3.6081e-15,0.79
J0922+0638,0.430627099,1.3729e-14,1.10
J0922-4949,0.950288537,9.7569e-14,10.37
J0924-5302,0.74629521,3.5477e-14,5.61
J0924-5814,0.739501327,4.8780e-15,1.87
J0931-1902,0.00463802939,4.1000e-21,3.63
J0932-3217,1.93162674,2.5000e-16,3.84
J0932-5327,4.39215871,8.3700e-15,3.91
J0934-4154,0.570409236,2.6900e-16,3.20
J0934-5249,1.44477321,4.6540e-15,2.93
J0940-5428,0.0875452043,3.2868e-14,4.27
J0941-5244,0.658557614,1.1379e-15,5.64
J0942-5552,0.664367488,2.2854e-14,0.30
J0942-5657,0.808127417,3.9628e-14,5.02
J0943+1631,1.08741773,9.1090e-17,1.76
J0944-1354,0.570264125,4.5256e-17,0.69
J0945-4833,0.331585599,4.8291e-15,2.71
J0946+0951,1.0977057,3.4934e-15,0.96
J0949-6902,0.640015724,6.3700e-16,8.68
J0952-3839,1.37381512,5.8000e-16,8.44
J0953+0755,0.253065165,2.2976e-16,0.26
J0954-5430,0.472834279,4.3912e-14,6.20
J0955-5304,0.862117739,3.5170e-15,4.87
J0957-5432,0.203556698,1.9470e-15,7.00
J0959-4809,0.67008576,8.2000e-17,2.96
J1000-5149,0.255677098,9.5950e-16,2.33
J1001-5507,1.43658263,5.1396e-14,0.30
J1001-5559,1.66117674,8.6000e-16,3.94
J1001-5939,7.73364026,5.9900e-14,3.30
J1002-5559,0.777500907,1.5700e-15,17.42
J1002-5919,0.713489254,1.0400e-16,15.13
J1003-4747,0.3070717,2.2074e-14,3.44
J1006-6311,0.835797468,5.7300e-16,9.30
J1012-2337,2.51794502,8.8090e-16,1.29
J1012+5307,0.00525574901,1.7128e-20,0.70
J1012-5830,2.13359121,3.7650e-14,5.34
J1012-5857,0.819911496,1.7690e-14,10.14
J1013-5934,0.442900631,5.5800e-16,11.32
J1015-5719,0.139881678,5.7368e-14,4.87
J1016-5345,0.769583527,1.9260e-15,2.50
J1016-5819,0.0878341561,6.9800e-16,4.62
J1016-5857,0.107386458,8.0834e-14,9.31
J1017-5621,0.503458815,3.1300e-15,11.78
J1017-7156,0.00233851444,2.2194e-21,0.26
J1018-1642,1.80469495,1.7422e-15,3.27
J1019-5749,0.16249871,2.0077e-14,30.00
J1020-5921,1.23830534,4.0470e-14,2.62
J1020-6026,0.14047991,6.7386e-15,29.58
J1021-5601,0.670026298,5.3000e-17,4.18
J1022+1001,0.01645293,4.3338e-20,0.74
J1022-5813,1.643726,1.4540e-13,30.00
J1023+0038,0.00168798744,1.2000e-20,1.37
J1023-5746,0.111472434,3.8375e-13,
J1024-0719,0.00516220464,1.8527e-20,1.10
J1028-5819,0.0914032309,1.6100e-14,2.76
J1031-6117,0.306410837,1.7840e-15,30.00
J1032-5206,2.40762231,1.7891e-14,4.33
J1032-5911,0.46420801,3.0000e-15,7.26
J1034-3224,1.15059043,2.3046e-16,4.68
J1035-6345,0.579576736,3.5040e-16,6.54
J1036-4926,0.510368133,1.6484e-15,8.71
J1036-6559,0.533501886,1.3620e-15,7.86
J1038+0032,0.028851558,6.7000e-20,2.36
J1038-5831,0.661992094,1.2512e-15,2.43
J1041-1942,1.38636807,9.4485e-16,3.18
J1042-5521,1.17085908,6.7330e-15,6.98
J1043-6116,0.288601695,1.0404e-14,18.20
J1044-5737,0.139028891,5.4628e-14,
J1045-4509,0.00747422423,1.7662e-20,0.34
J1046+0304,0.326271446,1.2420e-16,2.25
J1046-5813,0.369426696,1.1440e-15,4.80
J1047-3032,0.330328052,6.1006e-17,4.14
J1047-6709,0.198451451,1.6871e-15,4.67
J1048-5832,0.123670658,9.6319e-14,2.90
J1049-5833,2.20232508,4.4100e-15,9.73
J1050-5953,6.4520766,3.8090e-11,9.00
J1052-5954,0.180591501,1.9983e-14,13.55
J1052-6348,0.383830424,3.8700e-16,5.27
J1054-5943,0.346908958,4.0740e-15,6.81
J1054-5946,0.22832425,2.0900e-16,5.81
J1054-6452,1.84000354,3.1400e-15,13.53
J1055-6022,0.947558409,9.2390e-14,25.63
J1055-6028,0.0996608335,2.9532e-14,30.00
J1055-6236,0.448635442,7.0800e-16,3.64
J1055-6905,2.91939699,2.0336e-14,11.91
J1056-5709,0.676081894,5.7600e-16,17.61
J1056-6258,0.422447189,3.5757e-15,2.40
J1056-7117,0.026309677,6.3000e-20,5.27
J1057-4754,0.628305879,2.2480e-16,3.03
J1057-5226,0.197107608,5.8335e-15,1.53
J1057-7914,1.34740216,1.3270e-15,3.46
J1058-5957,0.616270272,6.5700e-16,7.11
J1059-5742,1.18499893,4.3000e-15,2.75
J1101-6101,0.062800077,8.6000e-15,7.00
J1101-6424,0.0051092729,1.8000e-21,7.86
J1103-5403,0.00339270966,3.7000e-21,3.16
J1103-6025,0.396586749,9.9040e-16,6.83
J1104-6103,0.280905302,1.9667e-15,2.31
J1105-6107,0.0631929415,1.5827e-14,7.07
J1106-6438,2.71793414,2.3300e-15,7.88
J1107-5907,0.252773323,9.0000e-18,1.81
J1107-5947,1.51653097,3.4000e-16,3.52
J1107-6143,1.79939567,1.5580e-13,13.72
J1110-5637,0.558252726,2.0640e-15,9.18
J1112-6103,0.0649618519,3.1460e-14,30.00
J1112-6613,0.33421284,8.2400e-16,19.31
J1112-6926,0.820484204,2.8410e-15,12.32
J1114-6100,0.880819625,4.6088e-14,30.00
J1115+5030,1.65643976,2.4928e-15,0.51
J1115-6052,0.25977666,7.2350e-15,6.76
J1116-4122,0.943157883,7.9536e-15,2.68
J1117-6154,0.505097149,1.2510e-14,22.38
J1117-6447,1.15527196,2.4000e-16,27.12
J1119-6127,0.407962984,4.0202e-12,8.40
J1119-7936,2.2805972,3.6700e-15,1.52
J1121-5444,0.535783131,2.7669e-15,15.43
J1123-4844,0.244838478,6.5400e-17,8.74
J1123-6102,0.640233748,6.4600e-15,14.75
J1123-6259,0.271434052,5.2531e-15,7.54
J1123-6651,0.232976433,2.7500e-15,3.48
J1124-5638,0.185559973,9.0000e-18,23.74
J1124-5916,0.135476854,7.5257e-13,5.00
J1124-6421,0.479098585,6.2000e-16,14.90
J1125-5825,0.00310221392,6.0899e-20,2.98
J1125-6014,0.00263038074,4.0100e-21,1.94
J1126-6054,0.202736912,2.8128e-16,8.05
J1126-6942,0.579416438,3.3020e-15,2.07
J1128-6219,0.515983511,1.1000e-17,30.00
J1130-5826,0.162323476,1.5890e-17,9.45
J1130-5925,0.680983832,9.5200e-16,8.28
J1130-6807,0.256352799,4.5968e-16,7.14
J1132-5627,0.175166247,6.8000e-17,21.30
J1133-6250,1.02287514,4.5200e-16,30.00
J1135-6055,0.114943,7.9300e-14,
J1136+1551,1.18791307,3.7338e-15,0.35
J1136-5525,0.364705576,8.2151e-15,2.60
J1137-6700,0.556216056,7.1700e-17,19.53
J1138-6207,0.117563794,1.2478e-14,24.50
J1141-3107,0.538431789,1.9602e-15,2.72
J1141-3322,0.291467537,4.6346e-16,3.84
J1141-6545,0.393898815,4.3074e-15,3.00
J1142-6230,0.558383386,7.8000e-17,10.81
J1143-5158,0.675646047,6.9530e-16,10.68
J1143-5536,0.685358486,4.8500e-16,11.44
J1144-6217,0.850664943,3.0835e-14,8.88
J1146-6030,0.27337243,1.7941e-15,2.59
J1148-5725,3.55993723,1.1100e-14,6.99
J1148-6415,3.2410285,2.7000e-15,9.07
J1151-6108,0.101633196,1.0278e-14,7.65
J1152-5800,1.78982947,1.3000e-15,7.87
J1152-6012,0.376569566,6.6850e-15,2.09
J1154-6250,0.282011711,5.5900e-16,2.06
J1156-5707,0.28840942,2.6451e-14,20.40
J1156-5909,1.03793105,1.0200e-15,8.76
J1157-5112,0.0435892271,1.4300e-19,1.88
J1157-6224,0.400522048,3.9313e-15,4.00
J1159-6409,0.667485534,2.4000e-17,6.03
J1159-7910,0.525074239,2.8170e-15,4.36
J1201-6306,0.592136029,3.5550e-15,30.00
J1202-5820,0.452800508,2.1265e-15,4.94
J1204-6843,0.308860862,2.1708e-16,5.66
J1210-5226,0.424130749,2.2240e-17,2.60
J1210-5559,0.279767331,7.2585e-16,11.65
J1210-6550,4.23701022,4.3000e-16,1.58
J1211-6324,0.433083926,2.5700e-16,12.30
J1214-5830,0.909822701,5.3400e-17,4.83
J1215-5328,0.636414137,1.1500e-16,11.24
J1216-6223,0.374046786,1.6819e-14,30.00
J1216-6410,0.00353937566,1.6200e-21,1.71
J1220-6318,0.789212012,8.0000e-17,13.96
J1222-5738,1.08116353,1.5000e-16,2.12
J1224-6208,0.585761208,2.0196e-14,23.64
J1224-6407,0.216476203,4.9533e-15,4.00
J1225-5556,1.01845287,2.0634e-15,5.39
J1225-6035,0.626323942,2.8800e-16,6.19
J1225-6408,0.419617792,9.4600e-16,24.60
J1227-4853,0.00168637541,1.1100e-20,2.00
J1227-6208,0.0345278346,1.8740e-19,15.82
J1231-1411,0.00368387871,2.2800e-20,0.45
J1231-4609,0.877239078,3.8000e-17,6.16
J1231-6303,1.3512363,1.4000e-15,12.12
J1232-4742,1.87299438,1.4000e-17,1.40
J1232-6501,0.0882819082,8.1000e-19,10.00
J1233-6312,0.564759389,6.9200e-15,20.49
J1233-6344,0.756891934,3.8780e-15,30.00
J1235-6354,0.256777653,1.9700e-16,27.05
J1236-5033,0.294759771,1.5560e-16,8.29
J1237-6725,2.11097412,2.1900e-15,7.80
J1238+21,1.11859069,1.4456e-15,1.77
J1239+2453,1.3824491,9.6005e-16,0.84
J1239-6832,1.30190811,1.1892e-14,2.89
J1240-4124,0.512242093,1.7390e-15,3.59
J1243-5735,0.471224878,8.0000e-17,19.20
J1243-6423,0.388480921,4.5006e-15,2.00
J1244-5053,0.275207111,9.9980e-16,8.49
J1244-6359,0.14727431,4.4000e-18,12.05
J1244-6531,1.54681894,7.1800e-15,30.00
J1245-6238,2.28309335,1.0920e-14,14.63
J1248-6344,0.198335136,1.6918e-14,23.99
J1248-6444,1.23489349,1.9320e-15,9.55
J1249-6507,0.434444873,1.2100e-17,8.51
J1251-7407,0.327057738,3.6510e-16,5.22
J1252-6314,0.823339271,1.1000e-16,11.00
J1253-5820,0.255496327,2.0996e-15,2.94
J1254-6150,0.184502203,6.2400e-16,2.24
J1255-6131,0.65797363,4.0000e-15,7.36
J1257-1027,0.61730767,3.6270e-16,2.22
J1259-6741,0.663329049,1.2060e-15,2.72
J1300+1240,0.00621853195,1.1433e-19,0.60
J1301-6305,0.184528095,2.6675e-13,15.84
J1301-6310,0.663829648,5.6433e-14,2.06
J1302-6313,0.967846213,6.3300e-15,28.06
J1302-6350,0.0477625075,2.2787e-15,2.30
J1303-6305,2.30664155,2.1800e-15,13.62
J1305-6203,0.427761842,3.2140e-14,24.07
J1305-6256,0.478230933,2.1100e-15,30.00
J1305-6455,0.571646944,4.0320e-15,30.00
J1306-6242,0.981902118,5.8600e-15,22.63
J1306-6617,0.473026471,5.9745e-15,29.16
J1307-6318,4.96242725,2.1100e-14,14.45
J1308+2127,10.3125221,1.1200e-13,
J1308-4650,1.05883304,5.2590e-16,4.91
J1308-5844,0.464699749,8.6390e-15,8.86
J1309-6415,0.619453557,8.7900e-15,30.00
J1309-6526,0.398292163,1.8400e-17,19.94
J1311-1228,0.447517711,1.5086e-16,2.30
J1311-3430,0.00256037103,2.0964e-20,3.72
J1312-5402,0.728154217,1.4800e-16,9.65
J1312-5516,0.849235685,5.7060e-15,6.75
J1312-6400,2.4374325,6.8000e-16,2.21
J1313+0931,0.848932751,8.0000e-16,0.78
J1314-6101,2.9483896,1.1700e-14,9.60
J1316-6232,0.342825398,5.2970e-15,30.00
J1317-5759,2.64219851,1.2560e-14,5.55
J1317-6302,0.261270556,1.0200e-16,30.00
J1319-6056,0.284351393,1.5263e-15,12.64
J1319-6105,0.421118114,1.5012e-15,14.88
J1320-3512,0.458488407,1.9000e-18,0.93
J1320-5359,0.279729147,9.2543e-15,4.23
J1321-5922,1.2790576,2.3700e-15,30.00
J1321+8323,0.670037418,5.6630e-16,0.77
J1322-6241,0.506058414,2.5870e-15,19.91
J1322-6329,2.76420942,1.1080e-14,30.00
J1324-6146,0.844108575,5.5800e-15,30.00
J1324-6302,2.48380369,9.7900e-16,11.03
J1326-5859,0.477990867,3.2380e-15,3.00
J1326-6408,0.792670107,3.1030e-15,15.70
J1326-6700,0.543008579,5.3100e-15,8.50
J1327-0755,0.0026779232,1.7730e-20,2.17
J1327-6222,0.529913192,1.8879e-14,4.00
J1327-6301,0.196478664,1.5296e-15,6.50
J1327-6400,0.280677974,3.1177e-14,30.00
J1328-4357,0.532698803,3.0140e-15,2.29
J1328-4921,1.47872136,6.1000e-16,7.78
J1329-6158,1.56521796,3.3900e-14,8.11
J1331-5245,0.648116647,5.1000e-16,10.50
J1332-3032,0.650434491,5.6030e-16,0.87
J1333-4449,0.345602949,5.4000e-19,2.32
J1334-5839,0.107718216,2.1596e-17,3.89
J1337-6306,0.207953012,3.5580e-16,16.01
J1337-6423,0.00942340672,2.4690e-20,6.30
J1338-6204,1.23898958,1.3854e-14,8.16
J1339-4712,0.137054658,5.3000e-19,1.77
J1339-6618,0.558179222,3.5000e-16,7.62
J1340-6456,0.378622066,5.0512e-15,1.92
J1341-6023,0.627285366,1.9461e-14,7.03
J1341-6220,0.193339746,2.5311e-13,8.55
J1342+2822B,0.00238942076,1.8580e-20,9.90
J1344-6059,0.540102321,4.3000e-17,7.17
J1345-6115,1.25308459,3.2500e-15,5.87
J1346-4918,0.299625107,3.5000e-17,3.90
J1347-5947,0.609961754,1.4160e-14,6.54
J1348-6307,0.927772239,3.7900e-15,8.18
J1349-6130,0.25936286,5.1250e-15,5.82
J1350-5115,0.295699176,7.5260e-16,4.52
J1352-6803,0.628902546,1.2340e-15,14.24
J1354-6249,2.95193833,1.4800e-14,5.62
J1355-5153,0.644301096,2.8130e-15,6.47
J1355-5747,2.03867383,7.1000e-16,7.58
J1355-5925,1.21338123,5.9860e-15,8.43
J1355-6206,0.276603043,3.1000e-18,7.95
J1356-5521,0.507379567,7.2350e-16,8.75
J1357-6429,0.166108328,3.6018e-13,4.09
J1359-6038,0.127500777,6.3385e-15,5.00
J1400-6325,0.0311816011,3.8900e-14,7.00
J1401-6357,0.842789632,1.6726e-14,1.80
J1403-6310,0.399170177,9.0000e-17,6.14
J1403-7646,1.30619781,1.2040e-15,7.03
J1405-4656,0.00760220343,2.7900e-20,0.74
J1405-5641,0.617574685,1.1980e-15,21.30
J1406-5806,0.288349244,6.1100e-16,6.73
J1406-6121,0.213074654,5.4701e-14,9.11
J1407-6048,0.492344207,3.1560e-15,9.70
J1407-6153,0.701614949,8.8500e-15,9.75
J1409-6953,0.528590779,8.4000e-16,12.60
J1410-6132,0.0500519462,3.2000e-14,30.00
J1410-7404,0.278729444,6.7400e-18,2.15
J1412-6111,0.529156398,1.9100e-15,5.95
J1412-6145,0.315224971,9.8660e-14,9.32
J1412+7922,0.0591982124,4.0000e-19,
J1413-6141,0.28562462,3.3344e-13,11.00
J1413-6205,0.1097407,2.7680e-14,
J1413-6222,0.292407702,2.2290e-15,27.74
J1413-6307,0.394945791,7.4343e-15,3.68
J1414-6802,4.63018806,6.3900e-15,6.60
J1415-6621,0.392478973,5.8000e-16,14.40
J1416-5033,0.794882546,1.2000e-16,1.99
J1416-6037,0.295580482,4.2800e-15,5.72
J1418-3921,1.096806,8.8920e-16,5.04
J1418-5945,1.67259568,2.7100e-16,9.31
J1418-6058,0.110573012,1.6939e-13,
J1420-5416,0.935771922,2.3700e-16,4.90
J1420-5625,0.0341171308,6.8000e-20,1.74
J1420-6048,0.0681798766,8.3167e-14,7.65
J1422-6138,0.340967852,9.6836e-14,
J1423-6953,0.33341071,1.4513e-15,6.38
J1424-5556,0.770374846,7.8000e-16,7.71
J1424-5822,0.36673406,3.9430e-15,10.19
J1424-6438,1.0235037,2.4000e-16,8.31
J1425-5723,0.35326292,2.2000e-17,1.46
J1425-5759,0.707867606,7.4200e-16,10.81
J1425-6210,0.50173031,4.8000e-16,9.98
J1427-4158,0.586485556,6.2120e-16,5.89
J1428-5530,0.570290463,2.0805e-15,2.29
J1429-5911,0.11584261,3.0500e-14,
J1429-5935,0.763914831,4.2751e-14,10.62
J1430-6623,0.785440757,2.7695e-15,1.80
J1431-4715,0.00201195344,1.4110e-20,2.42
J1431-5740,0.00411054396,6.4200e-21,4.07
J1432-5032,2.03498948,5.9240e-15,5.72
J1433-6038,1.95442964,5.6300e-15,9.74
J1434-6006,0.306367863,3.0200e-15,7.25
J1434-6029,0.963348323,1.0300e-15,5.78
J1434+7257,0.0417411478,5.5000e-19,0.75
J1435-5954,0.472995436,1.5433e-15,1.46
J1435-6100,0.00934797221,2.4500e-20,3.25
J1437-5959,0.0616961234,8.5870e-15,11.12
J1437-6146,0.467616323,6.3304e-15,4.77
J1439-5501,0.0286348882,1.4180e-19,0.76
J1440-6344,0.459605364,1.1201e-15,4.03
J1441-6137,1.17584002,3.6000e-16,4.44
J1443-5122,0.732061265,3.3800e-16,3.17
J1444-5941,2.76022794,8.2000e-15,4.38
J1444-6026,4.75857557,1.8542e-14,8.78
J1446-4701,0.00219469578,9.8102e-21,2.03
J1449-5846,0.463329577,8.6000e-17,4.74
J1452-5851,0.386625017,5.0706e-14,5.64
J1452-6036,0.154991358,1.4499e-15,9.44
J1453+1902,0.00579230273,1.1620e-20,0.95
J1453-6413,0.179484754,2.7461e-15,2.80
J1454-5846,0.045248773,8.1700e-19,3.32
J1455-3330,0.0079872048,2.4280e-20,0.74
J1456-6843,0.263376815,9.8260e-17,0.43
J1457-5122,1.74830108,5.2900e-15,1.37
J1457-5900,1.49863744,3.6600e-15,4.25
J1457-5902,0.390739364,1.2306e-14,11.33
J1459-6053,0.103150638,2.5270e-14,
J1501-0046,0.464036814,2.3910e-16,2.37
J1501-5637,0.782948566,1.7000e-16,6.75
J1502-5653,0.535504398,1.8286e-15,4.51
J1502-5828,0.668105151,3.6400e-14,12.21
J1502-6128,0.84210384,1.3480e-15,7.88
J1502-6752,0.0267444238,3.1450e-19,11.57
J1503+2111,3.3140015,1.4000e-16,0.72
J1504-5621,0.4129852,5.5290e-15,3.93
J1506-5158,0.840738545,6.3700e-15,1.67
J1507-4352,0.286757045,1.6045e-15,1.79
J1507-6640,0.355654901,1.1570e-15,5.62
J1509+5531,0.739681923,4.9982e-15,2.10
J1509-5850,0.0889217605,9.1698e-15,3.85
J1509-6015,0.339038449,2.1210e-15,13.63
J1510-4422,0.943871297,6.1000e-16,4.22
J1511-5414,0.200383696,4.8480e-16,2.24
J1511-5835,0.30151055,3.4400e-16,7.10
J1512-5431,2.04053157,1.9200e-15,6.61
J1512-5759,0.128694148,6.8512e-15,12.70
J1513-5739,0.973458035,2.7550e-14,9.84
J1513-5908,0.151251258,1.5315e-12,4.40
J1513-5946,1.04611716,8.5284e-15,4.26
J1514-4834,0.454839209,9.2500e-16,1.59
J1514-4946,0.00358933668,1.8646e-20,1.27
J1514-5925,0.148796488,2.8829e-15,4.50
J1515-5720,0.286646197,6.0980e-15,10.32
J1517-4356,0.650836872,2.1550e-16,4.44
J1517-4636,0.886612497,2.0980e-15,10.98
J1518+0204A,0.00555359252,4.1220e-20,8.00
J1518+0204C,0.00248392757,2.6069e-20,8.00
J1518-0627,0.794996675,4.1790e-16,2.69
J1518+4904,0.0409349889,2.7190e-20,0.70
J1518-5415,0.2149248,4.0600e-17,4.26
J1519-5734,0.518757785,4.2730e-15,13.12
J1519-6106,2.15430706,8.3720e-15,7.23
J1519-6308,1.25405163,5.9600e-15,17.81
J1522-5525,1.38960469,3.3000e-15,1.89
J1522-5735,0.102135981,3.1239e-14,
J1522-5829,0.39535286,2.0035e-15,4.47
J1524-5625,0.0782185489,3.8950e-14,3.84
J1524-5706,1.11604862,3.5647e-13,21.59
J1524-5819,0.961042627,1.2602e-13,10.87
J1525-5417,1.01169422,1.6174e-14,6.01
J1525-5523,0.355156037,8.9600e-18,3.50
J1525-5545,0.0113598818,1.3140e-19,3.53
J1525-5605,0.280348662,1.1600e-16,6.77
J1526-5633,0.301887897,1.2300e-16,6.44
J1527-3931,2.41758227,1.9070e-14,2.01
J1527-5552,1.04870489,1.1280e-14,7.15
J1528-3146,0.0608222304,2.4900e-19,0.99
J1528-4109,0.526556139,3.9550e-16,5.96
J1528-5547,3.46730152,7.7500e-15,5.55
J1529-3828,0.00848628212,2.7000e-20,4.85
J1529-5355,0.89126454,8.1000e-16,7.75
J1529-5611,0.822248731,4.1000e-15,3.77
J1530-5327,0.278956721,4.6830e-15,1.46
J1531-4012,0.356849313,9.6300e-17,7.75
J1531-5610,0.0842016829,1.3741e-14,3.10
J1532+2745,1.12483574,7.7956e-16,0.98
J1532-5308,0.443824608,6.5000e-17,4.45
J1534-4428,1.22142596,1.8000e-16,10.94
J1534-5334,1.36888091,1.4260e-15,1.13
J1534-5405,0.289688895,1.5429e-15,4.26
J1535-4114,0.432866134,4.0705e-15,2.80
J1535-4415,0.468401604,4.0500e-17,5.38
J1535-5450,0.566734157,1.4338e-14,4.63
J1535-5848,0.307177663,2.7160e-15,3.13
J1536-3602,1.31975904,7.9000e-16,6.45
J1536-5433,0.881438431,1.9100e-15,3.72
J1536-5907,0.55784066,1.3660e-15,12.09
J1537+1155,0.0379044412,2.4225e-18,1.05
J1537-4912,0.301310775,1.9320e-15,1.82
J1537-5153,1.52812411,4.1720e-15,2.63
J1537-5645,0.430464124,2.7800e-15,24.59
J1538+2345,3.44938495,6.8890e-15,0.98
J1538-5438,0.276726137,1.4200e-15,3.60
J1538-5519,0.395730639,4.1000e-17,9.70
J1538-5551,0.104674921,3.2082e-15,10.40
J1538-5621,1.90849449,7.3118e-15,3.76
J1538-5638,0.843980397,7.1200e-15,12.94
J1538-5732,0.341212812,4.5498e-15,3.88
J1538-5750,0.506568335,4.2000e-17,2.41
J1539-4828,1.2728416,1.2670e-15,3.74
J1539-5521,1.00495832,7.2800e-16,6.84
J1539-5626,0.2433922,4.8493e-15,4.00
J1539-6322,1.63084631,2.0160e-16,7.75
J1540-5736,0.612916286,4.2000e-16,8.17
J1541-5535,0.295837553,7.5020e-14,7.46
J1542-5034,0.599245036,3.9680e-15,2.58
J1542-5133,1.78386499,5.9000e-16,4.87
J1542-5303,1.20756777,7.7800e-14,6.02
J1543-0620,0.70906407,8.7954e-16,1.27
J1543+0929,0.748448416,4.3248e-16,5.90
J1543-5013,0.644255065,1.0132e-14,6.76
J1543-5149,0.00205696039,1.6159e-20,1.46
J1543-5459,0.377118563,5.2018e-14,6.32
J1544+4937,0.00215928839,2.9330e-21,2.30
J1544-5308,0.1785538,6.0700e-17,1.29
J1545-4550,0.00357528862,5.2500e-20,2.01
J1546-5302,0.580839886,1.1800e-14,6.10
J1547-0944,1.57692463,2.9380e-15,3.18
J1547-5750,0.647197747,2.6000e-17,3.91
J1547-5839,0.242190324,5.9400e-16,7.19
J1548-4821,0.145654719,8.0000e-19,3.76
J1548-4927,0.602738078,4.0470e-15,3.89
J1548-5607,0.170933993,1.0736e-14,6.95
J1549+2113,1.26247131,8.5410e-16,2.33
J1549-4848,0.288346763,1.4109e-14,1.54
J1549-5722,0.497772394,4.7000e-17,2.93
J1550-5242,0.74965895,1.7774e-14,6.67
J1550-5317,1.42112435,9.3500e-16,8.45
J1550-5418,2.06983302,2.3180e-11,4.00
J1551-4424,0.674060361,1.8800e-16,1.98
J1551-5310,0.453394165,1.9513e-13,7.52
J1552-4937,0.00628431138,1.9000e-20,3.36
J1553-5456,1.08132825,1.5650e-14,4.80
J1554-5209,0.125229558,2.2944e-15,3.44
J1554-5512,3.41803931,3.1200e-14,8.05
J1555-0515,0.975409891,2.0540e-15,1.66
J1555-2341,0.532577741,6.9370e-16,4.61
J1555-3134,0.51810978,6.2232e-17,6.10
J1556-5358,0.994680687,1.0420e-14,6.96
J1557-4258,0.329186858,3.3012e-16,7.53
J1558-5419,0.594575264,6.0400e-15,9.09
J1558-5756,1.12234169,1.8641e-13,3.74
J1559-4438,0.257056098,1.0192e-15,2.30
J1559-5545,0.957242442,2.0479e-14,5.09
J1600-3053,0.00359792851,9.4998e-21,1.80
J1600-5044,0.192601233,5.0623e-15,6.90
J1600-5751,0.194454482,2.1252e-15,5.32
J1600-5916,1.24766617,8.9000e-16,6.54
J1601-5244,2.55935663,7.2000e-16,5.14
J1601-5335,0.288456512,6.2371e-14,4.04
J1602-4957,0.819990037,1.5940e-14,6.83
J1602-5100,0.86422736,6.9580e-14,8.00
J1603-2531,0.283070377,1.5922e-15,4.60
J1603-2712,0.778313193,3.0094e-15,2.58
J1603-3539,0.141908589,1.2425e-16,3.83
J1603-5657,0.496077113,2.7950e-15,8.52
J1603-7202,0.0148419523,1.5630e-20,0.53
J1604-4718,0.527465874,4.9610e-15,1.48
J1604-4909,0.327417573,1.0194e-15,3.59
J1604-7203,0.341402932,8.4000e-17,2.56
J1605-5215,1.01360875,4.7500e-15,7.06
J1605-5257,0.658013101,2.5600e-16,1.28
J1607-0032,0.421816234,3.0609e-16,0.61
J1607-5140,0.342722792,2.5400e-15,7.01
J1607-6449,0.298116358,2.4900e-17,3.82
J1609-1930,1.55791725,5.0900e-16,2.33
J1609-4616,0.249608955,5.0100e-16,4.12
J1609-5158,1.27940235,1.2960e-14,12.73
J1610-1322,1.01839275,2.2984e-16,3.89
J1610-5006,0.481118852,1.3625e-14,6.59
J1610-5303,0.786468024,2.6150e-15,6.60
J1611-4811,1.29685024,1.9500e-15,5.41
J1611-4949,0.666437923,5.4000e-16,8.82
J1611-5209,0.182491659,5.1658e-15,3.33
J1611-5847,0.354550317,2.0000e-18,2.33
J1612+2008,0.426645981,3.7270e-17,1.43
J1612-2408,0.923833711,1.5736e-15,3.12
J1612-5136,0.483310511,3.7840e-15,18.18
J1612-5805,0.615520458,9.3470e-16,6.29
J1613-4714,0.382375953,6.3200e-16,3.89
J1613-5211,0.457501818,1.9231e-14,6.14
J1613-5234,0.655220596,6.6290e-15,9.94
J1614+0737,1.20680144,2.3596e-15,1.77
J1614-2230,0.00315080765,9.6216e-21,0.70
J1614-3937,0.407292274,1.5851e-16,10.10
J1614-5048,0.231693836,4.9494e-13,7.24
J1614-5144,1.53400814,7.4400e-15,9.56
J1614-5402,0.572592272,2.9000e-17,6.96
J1615-2940,2.47756787,1.5844e-15,1.88
J1615-5444,0.360957675,3.3770e-16,8.40
J1615-5537,0.791525716,1.9993e-15,3.57
J1616-5017,0.491384122,4.6592e-14,3.92
J1616-5109,1.21959388,1.9080e-14,18.97
J1616-5208,1.02583089,2.8910e-14,7.38
J1617-4216,3.42846631,1.8129e-14,6.28
J1617-4608,0.567080222,1.6467e-14,10.59
J1617-5055,0.069356847,1.3510e-13,6.46
J1618-4723,0.203552878,1.9926e-15,3.42
J1620-4927,0.171934652,1.0488e-14,
J1620-5414,1.15636029,6.7000e-17,1.73
J1621-5039,1.08401994,1.3030e-14,4.88
J1621-5243,0.371924139,7.6800e-16,7.76
J1622-3751,0.731462723,2.5700e-15,11.55
J1622-4332,0.916937523,1.5649e-15,8.32
J1622-4347,0.457681471,5.0510e-15,5.37
J1622-4802,0.265072236,3.0700e-16,6.00
J1622-4845,0.735091648,1.1000e-16,5.24
J1622-4944,1.07296789,1.7080e-14,8.55
J1622-4950,4.3261,1.7000e-11,9.14
J1622-6617,0.0236234447,5.8800e-20,4.66
J1623-0841,0.503014998,1.9580e-15,3.83
J1623-0908,1.27644582,2.5807e-15,3.86
J1623-2631,0.0110757509,6.7093e-19,1.80
J1623-4256,0.364590355,1.0220e-15,21.85
J1623-4949,0.725732155,4.2090e-14,3.76
J1624-4411,0.233164076,7.9920e-16,3.64
J1624-4613,0.871242606,6.1000e-17,5.14
J1624-4721,0.448723249,4.1480e-15,6.11
J1625-4048,2.35527819,4.4300e-16,5.18
J1625-4904,0.460339492,1.6762e-14,7.94
J1625-4913,0.355856263,6.6470e-15,8.21
J1626-4537,0.370141128,8.2788e-15,5.41
J1626-4807,0.293928189,1.7476e-14,10.25
J1626-6621,0.450867766,7.6640e-16,4.42
J1627+1419,0.49085673,3.9300e-16,2.84
J1627-4706,0.140745806,1.7305e-15,7.15
J1627-4845,0.61233065,3.6410e-15,6.86
J1627-5547,0.352464213,7.3800e-16,5.66
J1627-5936,0.354233941,8.0000e-18,3.67
J1628-4804,0.865970963,1.2400e-15,11.21
J1628-4828,4.13753852,1.7530e-14,14.29
J1629-3636,2.98819269,7.0000e-15,3.74
J1629-6902,0.00600060344,1.0000e-20,1.36
J1630-4719,0.559071333,1.4178e-14,6.70
J1630-4733,0.575971412,2.2287e-14,6.53
J1631-1612,0.677683912,1.0960e-15,1.85
J1631-4155,0.551241254,8.8000e-18,8.51
J1632-1013,0.717637328,6.6000e-17,4.22
J1632-4509,1.04680988,1.4880e-14,9.13
J1632-4621,1.7091545,7.6020e-14,8.42
J1632-4757,0.228564098,1.5075e-14,6.96
J1632-4818,0.813452834,6.5043e-13,8.54
J1633-2009,0.935557045,1.0700e-15,2.76
J1633-4453,0.436506697,6.2026e-15,11.93
J1633-4805,0.710830079,7.6893e-14,11.90
J1633-5015,0.35214238,3.7877e-15,7.02
J1634-5107,0.507356003,1.5745e-15,9.30
J1634-5640,0.224201191,4.1000e-17,5.71
J1635-1511,1.17938704,2.3200e-16,4.89
J1635+2418,0.490506513,1.1932e-16,2.27
J1635-4513,1.59474555,3.6000e-15,6.96
J1635-4944,0.671964199,8.7900e-15,8.85
J1635-5954,0.529121257,1.3680e-15,7.26
J1636-4440,0.206648509,4.6715e-14,9.33
J1636-4803,1.20464389,2.0710e-14,6.53
J1636-4933,0.430366558,1.5060e-15,11.16
J1637-4335,0.77136654,3.6200e-15,30.00
J1637-4450,0.252869847,5.7550e-16,8.20
J1637-4553,0.118771393,3.1879e-15,3.83
J1637-4642,0.154027428,5.9204e-14,5.77
J1637-4721,1.16574139,4.4400e-15,5.94
J1637-4816,0.837365302,5.8340e-15,10.01
J1638-3815,0.698260601,7.7000e-17,17.54
J1638-3951,0.77113024,5.9000e-16,10.96
J1638-4344,1.12194419,2.5000e-17,5.09
J1638-4417,0.117801551,1.6053e-15,8.46
J1638-4608,0.278137287,5.1504e-14,5.85
J1638-4725,0.7639335,4.8000e-15,6.87
J1638-5226,0.340502709,2.6500e-15,4.88
J1639-4359,0.587558978,1.5000e-17,5.23
J1639-4604,0.529115851,5.7758e-15,4.64
J1640+2224,0.00316331582,2.8276e-21,1.45
J1640-4631,0.206443048,9.7600e-13,12.75
J1640-4648,0.178352043,8.0610e-16,6.10
J1640-4715,0.517404835,4.2027e-14,7.25
J1640-4951,0.739098946,3.3400e-16,10.66
J1641-2347,1.09100843,4.1100e-17,1.33
J1643-1224,0.00462164152,1.8462e-20,0.74
J1643-4505,0.237383082,3.1833e-14,6.30
J1643-4522,1.34789947,8.2830e-15,6.19
J1643-4550,0.71750809,2.9974e-14,5.88
J1644-4559,0.455059775,2.0090e-14,4.50
J1644-4657,0.125962232,7.5000e-16,9.58
J1645-0317,0.387689698,1.7804e-15,2.61
J1645+1012,0.410860719,8.1300e-17,3.27
J1646-4308,0.840679981,1.1000e-16,10.96
J1646-4346,0.231603329,1.1275e-13,6.86
J1646-5123,0.530075207,2.0990e-15,10.92
J1646-6831,1.78561124,1.7000e-15,1.80
J1647-3607,0.212316409,1.2900e-16,12.90
J1647-4552,10.6106563,8.3000e-13,
J1648-3256,0.719454779,3.5306e-15,5.30
J1648-4458,0.629631536,1.8540e-15,9.89
J1648-4611,0.164949668,2.3746e-14,5.71
J1648-6044,0.583764997,4.2900e-16,5.66
J1649+2533,1.01525739,5.5940e-16,2.91
J1649-3805,0.262025693,3.6700e-17,6.62
J1649-3935,0.770909761,3.9100e-17,9.04
J1649-4349,0.870711559,4.4000e-17,5.56
J1649-4653,0.557018758,4.9740e-14,5.63
J1649-4729,0.2976922,6.5500e-15,12.69
J1649-5553,0.613570704,1.6980e-15,14.07
J1650-1654,1.74955175,3.2027e-15,2.15
J1650-4126,0.308917679,1.9800e-17,5.06
J1650-4341,0.309398366,1.6690e-17,8.11
J1650-4502,0.380869799,1.6061e-14,5.09
J1650-4921,0.156399367,1.8187e-15,5.83
J1651-1709,0.973393692,3.0371e-15,1.62
J1651-4246,0.844080666,4.8120e-15,5.20
J1651-4519,0.517443204,8.1900e-15,7.29
J1651-5222,0.635055976,1.8120e-15,6.39
J1651-5255,0.890533958,2.0700e-15,5.99
J1651-7642,1.75531108,1.3630e-15,5.16
J1652-1400,0.305447058,1.7580e-17,3.10
J1652-2404,1.70373914,3.1588e-15,3.10
J1652+2651,0.915803497,6.5370e-16,2.93
J1652-4406,7.70718301,9.5000e-15,8.80
J1653-2054,0.00412914528,1.1170e-20,2.64
J1653-3838,0.305037319,2.7860e-15,5.12
J1653-4030,1.01937156,4.4000e-16,10.37
J1653-4249,0.612558241,4.8100e-15,5.64
J1653-4315,0.419279741,1.5000e-17,5.13
J1653-4854,3.0595096,3.4500e-15,13.76
J1654-2713,0.791822442,1.6759e-16,4.08
J1654-3710,0.939165479,7.3500e-16,13.15
J1654-4140,1.27394513,1.3000e-16,5.15
J1654-4245,1.10155469,5.1150e-14,11.84
J1655-3048,0.542935874,3.6600e-17,8.57
J1655-3844,1.1934392,2.0000e-15,11.94
J1656-3621,0.730133707,1.2752e-15,7.60
J1657-4432,0.609607142,8.2050e-15,5.58
J1658-4306,1.166449,4.2790e-14,9.59
J1658-4958,0.41687377,3.8560e-15,6.26
J1658-5324,0.00243929591,1.1154e-20,1.24
J1659-1305,0.6409582,6.1770e-16,4.85
J1659-4316,0.474381435,1.7100e-16,7.93
J1659-4439,0.353293033,2.5000e-17,9.18
J1700-3312,1.35830701,4.7128e-15,5.64
J1700-3611,1.49409062,4.3240e-15,6.48
J1700-3919,0.560503533,5.0000e-18,6.34
J1700-4012,0.283791854,9.9000e-17,5.77
J1700-4422,0.755535409,4.0000e-17,6.44
J1700-4939,0.578363439,1.0780e-15,14.53
J1701-3006D,0.00341777045,1.2570e-19,7.05
J1701-3006E,0.00323373733,3.1030e-19,7.05
J1701-3006F,0.00229472708,2.2210e-19,7.05
J1701-3130,0.291341471,5.5960e-17,4.53
J1701-3726,2.45460916,1.1143e-14,7.81
J1701-4533,0.322908567,5.1930e-16,17.39
J1701-4958,0.804304237,1.1000e-16,9.68
J1702-3932,0.390327977,3.7800e-16,9.69
J1702-4128,0.182135803,5.2345e-14,5.18
J1702-4217,0.227564958,1.1400e-17,7.49
J1702-4306,0.215507334,9.7852e-15,7.12
J1702-4310,0.240523865,2.2378e-13,5.44
J1702-4428,2.1235057,3.3000e-15,7.05
J1703-1846,0.804341079,1.7310e-15,2.05
J1703-3241,1.21178509,6.5983e-16,3.31
J1703-4442,1.74729349,1.4300e-14,5.34
J1703-4851,1.39640108,5.0804e-15,4.50
J1704-6016,0.306323025,9.1000e-16,1.89
J1705-1906,0.298987427,4.1379e-15,1.18
J1705-3423,0.255426484,1.0762e-15,3.75
J1705-3936,0.854481664,1.9270e-14,8.46
J1705-3950,0.318941483,6.0603e-14,3.86
J1705-4108,0.861067407,3.4710e-14,11.87
J1705-4331,0.222561103,7.1200e-17,3.76
J1705-6135,0.808546089,6.0000e-17,6.31
J1706-3839,0.586287401,3.0000e-15,12.20
J1706-4310,0.616979044,6.5060e-15,13.43
J1706-6118,0.361921325,2.9213e-16,3.64
J1707-4053,0.581016708,1.9250e-15,4.00
J1707-4341,0.890594496,5.6960e-15,7.99
J1707-4417,5.763777,1.1650e-14,9.17
J1707-4729,0.266473637,1.5603e-15,10.64
J1708-3426,0.692113247,4.2032e-15,4.78
J1708-3506,0.00450515895,1.1421e-20,3.50
J1708-3641,0.587566794,1.3490e-16,6.02
J1708-3827,1.225782,8.6000e-15,17.55
J1708-4008,11.0062624,1.9600e-11,3.80
J1708-4522,1.29783684,2.6120e-15,30.00
J1708-7539,1.191024,1.8800e-15,2.01
J1709-1640,0.653053971,6.3098e-15,2.61
J1709+2313,0.00463119628,3.6300e-21,1.83
J1709-3626,0.44785706,2.2675e-15,8.97
J1709-3841,0.586986163,7.8600e-15,5.17
J1709-4342,1.73589824,8.0000e-16,5.49
J1709-4401,0.865235334,7.3700e-15,4.98
J1709-4429,0.102459246,9.2985e-14,2.60
J1710-2616,0.954158007,2.0000e-17,4.26
J1710-4148,0.286561229,1.0200e-16,6.90
J1711-1509,0.868804249,1.1025e-15,2.94
J1711-3826,0.465364646,7.4130e-15,5.20
J1711-4322,0.102618288,2.6660e-17,4.17
J1711-5350,0.899217799,1.5494e-14,4.24
J1712-2715,0.25535966,1.2793e-15,3.13
J1713+0747,0.00457013653,8.5296e-21,1.18
J1713-3844,1.60011404,1.7741e-13,6.50
J1714-1054,0.696278743,5.8800e-17,2.65
J1714-3810,3.824936,5.8800e-11,13.20
J1715-3247,1.26021406,9.2000e-17,3.91
J1715-3700,0.779628114,1.5000e-16,6.08
J1715-3859,0.928107508,4.3970e-15,10.53
J1715-3903,0.278481055,3.7688e-14,4.80
J1715-4034,2.07215299,3.0100e-15,4.62
J1715-4254,0.573745359,8.7600e-16,12.58
J1716-3720,0.630313713,1.7970e-14,9.46
J1716-4005,0.311812765,2.8700e-15,6.33
J1716-4111,1.03606727,2.8820e-15,4.79
J1716-4711,0.555824216,8.3300e-16,19.58
J1717-3425,0.656299231,9.8036e-15,22.21
J1717-3737,0.682418627,5.2930e-15,6.31
J1717-3847,1.14949892,8.2000e-16,9.52
J1717-3953,1.08552062,3.3000e-17,6.88
J1717-4043,0.397857447,1.2230e-14,9.03
J1717-40435,0.349928508,1.7500e-15,11.41
J1717-4054,0.887718643,3.6831e-15,5.47
J1717-5800,0.321793347,1.9570e-16,8.85
J1718-3714,1.28937878,2.6210e-14,10.87
J1718-3718,3.37857425,1.6136e-12,5.08
J1718-3825,0.0746699206,1.3222e-14,4.24
J1718-4539,0.590472788,7.5070e-15,10.82
J1719-1438,0.00579015177,8.0430e-21,1.64
J1719-4006,0.189094493,1.6676e-15,6.28
J1719-4302,0.2354752,3.9210e-16,9.42
J1720-0212,0.477715344,8.2798e-17,5.41
J1720-1633,1.56560115,5.7980e-15,1.76
J1720+2150,1.61566378,7.4000e-16,3.59
J1720-2446,0.874264572,5.9300e-16,3.44
J1720-2933,0.620448365,7.4600e-16,1.43
J1720-3659,0.351124634,3.2700e-17,5.11
J1721-1936,1.00403746,1.6240e-15,8.60
J1721-1939,0.404039751,1.2830e-16,4.64
J1721-2457,0.00349663378,5.5420e-21,1.56
J1721-3532,0.280423859,2.5186e-14,4.60
J1722-3207,0.477157518,6.4626e-16,3.18
J1722-3632,0.399183352,4.4647e-15,5.30
J1722-3712,0.236173192,1.0854e-14,2.51
J1722-4400,0.218554096,3.7380e-16,7.27
J1723-2837,0.0018557328,7.5000e-21,1.00
J1723-2852,0.625033913,9.0000e-16,4.63
J1723-3659,0.202721938,8.0075e-15,4.28
J1724-3149,0.948236974,7.2500e-15,10.50
J1724-3505,1.22170769,2.1100e-14,12.01
J1724-4500,1.30910879,3.5100e-15,6.26
J1725-0732,0.239919487,4.2960e-16,3.43
J1725-2852,1.25778762,1.9900e-15,4.09
J1725-3546,1.0324712,1.5000e-14,10.20
J1725-3848,2.06238626,2.3000e-14,4.49
J1725-3853,0.0047918227,5.0000e-20,3.44
J1725-4043,1.46507137,2.7900e-15,4.80
J1726-3530,1.11013244,1.2168e-12,9.97
J1726-3635,0.287431567,1.4400e-15,7.36
J1726-4006,0.882778266,3.3300e-15,6.19
J1727-2739,1.29309994,1.1000e-15,3.75
J1727-2946,0.0270831832,2.4632e-19,1.62
J1728-0007,0.386003724,1.1227e-15,2.44
J1728-3733,0.615538243,7.2000e-17,4.94
J1728-4028,0.866342509,2.3000e-16,5.51
J1729-2117,0.0662928993,1.7200e-19,1.42
J1730-2304,0.00812279805,2.0184e-20,0.62
J1730-2900,1.53842673,8.8500e-15,6.85
J1730-3350,0.139460211,8.4829e-14,4.26
J1730-3353,3.2702418,2.1960e-14,4.23
J1731-1847,0.00234455955,2.5407e-20,4.03
J1731-3123,0.753047989,1.6790e-15,5.32
J1731-3322,0.544670547,2.8093e-14,11.98
J1731-4744,0.829828785,1.6363e-13,4.98
J1732-1930,0.483769998,1.8180e-16,2.21
J1732-3131,0.196543155,2.8048e-14,0.80
J1732-3426,0.332886679,4.0200e-16,6.38
J1732-3729,2.18400135,1.3000e-15,6.20
J1732-4128,0.627980684,1.2838e-14,5.94
J1732-4156,0.323434056,6.6100e-16,8.78
J1732-5049,0.00531255029,1.4195e-20,1.81
J1733-2228,0.871682833,4.2703e-17,1.49
J1733-2533,0.659794142,2.1000e-15,7.78
J1733-2837,0.768184557,1.1080e-15,4.66
J1733-3030,0.362051963,1.6485e-15,14.18
J1733-3322,1.24591463,4.1000e-15,6.30
J1733-3716,0.337585823,1.5046e-14,3.44
J1733-4005,0.561778329,3.6240e-15,13.95
J1733-5515,1.01123353,4.0000e-16,4.11
J1734-0212,0.839394325,4.2100e-16,5.36
J1734-2415,0.61252374,1.0510e-15,3.48
J1734-3058,0.541285681,1.6200e-17,4.37
J1734-3333,1.16934069,2.2794e-12,7.40
J1735-0243,0.782886977,6.3200e-16,3.25
J1735-0724,0.419334966,1.2147e-15,4.32
J1735-3258,0.350963229,2.6080e-14,11.14
J1736-2457,2.64222344,3.4300e-15,4.34
J1736-2819,1.59241948,1.4921e-14,4.86
J1736-2843,6.44503609,2.9990e-14,5.47
J1736-3511,0.502802783,1.5700e-15,2.72
J1737-0811,0.00417501731,7.9300e-21,2.38
J1737-3102,0.768672273,3.7334e-14,4.44
J1737-3137,0.45043237,1.3876e-13,5.88
J1737-3320,0.81627308,2.2510e-15,14.08
J1737-3555,0.397584746,6.1214e-15,2.25
J1738+0333,0.00585009586,2.4120e-20,1.47
J1738-2330,1.97884743,8.5590e-15,2.79
J1738-2647,0.349590991,3.1530e-15,3.88
J1738-2736,0.627715518,4.6243e-15,5.91
J1738-2955,0.443398022,8.1861e-14,3.91
J1738-3107,0.549497698,3.0000e-16,10.76
J1738-3211,0.768498945,7.9491e-16,1.48
J1738-3316,0.730372511,8.9000e-17,4.55
J1739+0612,0.234169036,1.5640e-16,5.44
J1739-1313,1.21569761,8.1700e-17,2.02
J1739-2903,0.322882432,7.8798e-15,3.19
J1739-3023,0.114367932,1.1401e-14,3.41
J1739-3049,0.239317178,2.1781e-15,6.97
J1739-3131,0.529440988,1.8584e-14,7.68
J1739-3159,0.877561237,1.9700e-16,4.85
J1739-3951,0.341772477,2.0000e-17,1.13
J1740+1000,0.154087174,2.1465e-14,1.36
J1740+1311,0.803050265,1.4513e-15,4.77
J1740-2540,1.69265634,1.8510e-15,8.26
J1740-3015,0.606886624,4.6612e-13,0.40
J1740-3052,0.570313412,2.5504e-14,10.84
J1740-3327,0.515000656,3.8978e-15,4.72
J1740-5340A,0.0036503289,1.6800e-19,2.20
J1741-0840,2.04308246,2.2747e-15,3.50
J1741+1351,0.0037471545,3.0217e-20,1.08
J1741-2019,3.90450636,1.6260e-14,2.00
J1741-2054,0.413700121,1.6983e-14,0.30
J1741-2719,0.346796929,8.1000e-17,5.74
J1741-2733,0.89295867,1.4800e-16,3.33
J1741+2758,1.36073769,1.8410e-15,2.06
J1741-2945,0.223557829,6.3420e-16,4.66
J1741-3016,1.89374869,8.9900e-15,5.02
J1741-3927,0.512211401,1.9313e-15,4.75
J1742-3957,1.0163492,8.2000e-17,6.40
J1742-4616,0.412401047,3.3800e-17,4.99
J1743-0339,0.444645107,1.5562e-15,1.59
J1743-1351,0.405336949,4.7752e-16,4.85
J1743-2442,1.24250831,4.7200e-16,4.96
J1743-3150,2.41457552,1.2078e-13,3.65
J1743-3153,0.1931054,1.0567e-14,8.03
J1743-4212,0.306166988,7.8340e-16,4.67
J1744-1134,0.00407454594,8.9347e-21,0.40
J1744-1610,1.75720587,2.3767e-15,1.99
J1744-2335,1.68350669,8.3270e-16,2.45
J1744-3130,1.06606087,2.1224e-14,3.64
J1744-3922,0.172444361,1.5500e-18,4.60
J1744-5337,0.355665849,1.9000e-16,8.16
J1745-0129,1.04540686,6.3100e-16,7.26
J1745-0952,0.0193763034,9.2460e-20,2.38
J1745+1017,0.00265212967,2.7290e-21,1.36
J1745-2229,1.16059254,2.8570e-15,9.30
J1745-2900,3.76373308,1.7560e-11,8.30
J1745-3040,0.367428754,1.0668e-14,0.20
J1745-3812,0.698352864,2.4260e-15,4.82
J1746+2245,3.46503778,4.9190e-15,4.32
J1746+2540,1.05814817,1.0470e-15,4.16
J1746-2849,1.47848037,1.2700e-14,30.00
J1746-2850,1.07710149,1.3431e-12,12.86
J1746-2856,0.945224316,1.2500e-14,21.77
J1746-3239,0.19954136,6.5609e-15,
J1747-1030,1.57879289,4.3000e-16,7.27
J1747-2647,0.500254454,1.3241e-14,8.44
J1747-2802,2.7800792,2.3700e-15,11.78
J1747-2809,0.052152855,1.5557e-13,17.55
J1747-2958,0.0988139765,6.1323e-14,2.49
J1747-4036,0.00164560961,1.3137e-20,5.81
J1748-1300,0.394133347,1.2127e-15,3.64
J1748-2021A,0.288602792,3.9933e-16,8.24
J1748-2021D,0.0134958204,5.8677e-19,8.24
J1748-2021E,0.0162640034,3.1240e-19,8.24
J1748-2444,0.442838499,1.1131e-16,3.89
J1749-2347,0.874485882,2.4236e-15,6.10
J1749-2629,1.33538779,1.7200e-15,5.28
J1749-3002,0.609873649,7.8707e-15,9.05
J1749-4931,0.445822307,5.9000e-16,1.80
J1749-5605,1.33230972,2.1200e-15,2.66
J1750-2043,5.63904708,7.9000e-15,5.69
J1750-2438,0.712794037,1.0797e-14,7.15
J1750-2444,0.899376721,2.6400e-16,5.03
J1750-28,1.30051315,5.7800e-15,5.19
J1750-3157,0.910362984,1.9652e-16,4.43
J1750-3503,0.684013603,3.8100e-17,5.07
J1750-3703A,0.111600837,5.6610e-18,13.80
J1750-3703B,0.00607454209,1.9200e-20,13.80
J1750-3703D,0.00513993677,4.9280e-19,13.80
J1751-2516,0.394835784,2.6450e-15,7.46
J1751-2857,0.0039148732,1.1260e-20,1.44
J1751-3323,0.548227104,8.8300e-15,9.27
J1751-4657,0.742352395,1.2911e-15,1.03
J1752+2359,0.409050865,6.4270e-16,2.70
J1752-2410,0.191036694,6.1773e-16,7.42
J1752-2806,0.562557636,8.1291e-15,0.20
J1752-2821,0.6402295,3.4680e-15,7.62
J1753-1914,0.062954889,2.0200e-18,2.77
J1753-2240,0.0951378087,9.7000e-19,3.46
J1753-2501,0.528336409,1.4115e-14,10.18
J1754-2422,2.09024808,8.3000e-16,11.43
J1754-3443,0.361690596,5.7120e-16,5.60
J1754-3510,0.392703893,7.8160e-16,2.24
J1754+5201,2.39139679,1.5641e-15,3.56
J1755-0903,0.190709643,7.8090e-16,2.16
J1755-1650,0.733744439,6.8600e-16,4.27
J1755-2025,0.322231179,4.4217e-15,8.64
J1755-2521,1.17596788,9.0193e-14,4.12
J1755-25211,1.00451255,3.1208e-14,11.52
J1755-2534,0.233540625,1.1206e-14,7.22
J1755-26,0.430872156,1.2280e-14,5.17
J1755-2725,0.261954678,1.4000e-17,2.83
J1755-3716,0.0127860693,3.1000e-20,6.38
J1756-2225,0.404980301,5.2691e-14,5.02
J1756-2251,0.028461589,1.0175e-18,0.73
J1756-2435,0.670479963,2.8474e-16,4.96
J1756-2619,0.724513749,1.2380e-15,7.74
J1757-2223,0.185310102,7.8200e-16,4.11
J1757-2421,0.234100571,1.2919e-14,3.51
J1757-27,0.0176872148,2.1000e-19,5.42
J1757-5322,0.00886996123,2.6300e-20,1.36
J1758-1931,0.692551578,1.6920e-14,4.23
J1758-2206,0.43027825,9.5600e-16,11.38
J1758-2540,2.10726337,1.5500e-15,3.85
J1758-2630,1.20289346,5.1700e-15,4.99
J1758-2846,0.766706386,9.4000e-17,1.71
J1758+3030,0.947255811,7.2000e-16,2.67
J1759-1029,2.51226281,1.5740e-14,3.77
J1759-1736,0.798451567,2.5500e-16,4.75
J1759-1903,0.731505472,3.0700e-15,13.30
J1759-1940,0.254720352,9.3400e-17,5.24
J1759-1956,2.84338881,1.8570e-14,4.44
J1759-2205,0.460974128,1.0872e-14,3.54
J1759-2302,0.810717729,1.0744e-14,11.88
J1759-2307,0.558888678,3.7620e-15,11.20
J1759-2549,0.956548549,9.9592e-14,5.94
J1759-2922,0.574400268,4.6285e-15,1.92
J1759-3107,1.07895332,3.7690e-15,3.36
J1800-0125,0.78318549,1.1537e-14,2.24
J1800-2114,1.79927249,5.5000e-16,11.18
J1801-0357,0.921490674,3.3101e-15,7.13
J1801-0857B,0.0289615877,2.1910e-18,7.20
J1801-0857D,0.004226532,6.9000e-21,7.20
J1801-1417,0.00362509666,5.3100e-21,1.80
J1801-1855,2.55049821,1.8000e-16,11.91
J1801-1909,1.10872485,7.0300e-16,4.81
J1801-2115,0.438113157,1.6000e-17,12.26
J1801-2154,0.375296924,1.5998e-14,5.16
J1801-2304,0.41582709,1.1293e-13,4.00
J1801-2451,0.124924207,1.2791e-13,4.61
J1801-2920,1.08190847,3.2931e-15,3.27
J1801-3458,1.38560362,4.0000e-16,4.96
J1802+0128,0.554261604,2.1090e-15,8.79
J1802-1745,0.514671377,5.6400e-16,5.22
J1802-2124,0.0126475936,7.2560e-20,3.33
J1802-2426,0.56900709,8.5620e-15,12.13
J1802-3346,2.461052,1.3200e-15,10.24
J1803-1616,0.536595823,1.7714e-15,12.90
J1803-1857,2.86433774,1.5170e-14,5.88
J1803-1920,0.443648922,3.2970e-16,6.46
J1803-2137,0.13366692,1.3436e-13,4.40
J1803-2149,0.106332094,1.9514e-14,
J1803-2712,0.334415427,1.7113e-17,3.62
J1803-3329,0.633411983,3.3720e-16,6.01
J1804-0735,0.0231008553,4.6710e-19,7.80
J1804-2228,0.570510633,1.4300e-16,5.33
J1804-2717,0.00934303069,4.0890e-20,1.17
J1805+0306,0.218711565,9.9945e-16,5.00
J1805-0619,0.454650713,9.6900e-16,6.69
J1805-1504,1.18126923,2.7000e-16,5.30
J1805-2032,0.405769488,8.3940e-15,11.87
J1805-2037,0.357806775,1.7555e-15,9.26
J1805-2447,0.661401759,5.8000e-18,4.79
J1805-2948,0.428340989,4.7400e-16,4.61
J1806+1023,0.48428646,5.7250e-17,3.27
J1806-1154,0.522618386,1.4088e-15,3.56
J1806-1618,0.66830921,8.6200e-16,6.36
J1806-1920,0.879790876,1.7000e-17,10.16
J1806-2125,0.481789349,1.2140e-13,10.02
J1807+0756,0.464300493,1.2940e-16,7.66
J1807-0847,0.163727372,2.8799e-17,1.50
J1807-2459B,0.0041861772,8.2325e-20,2.79
J1807-2557,2.76419487,4.9940e-15,11.21
J1807-2715,0.827776462,1.2173e-14,9.63
J1808-0813,0.876044287,1.2402e-15,5.18
J1808-1020,0.596993203,7.7250e-16,8.50
J1808-1517,0.544549207,2.6671e-15,4.16
J1808-1726,0.241034548,1.2000e-17,8.57
J1808-2024,7.55592,5.4900e-10,13.00
J1808-2057,0.918410326,1.7076e-14,7.35
J1808-2701,2.45788178,6.5818e-14,2.45
J1808-3249,0.364912242,7.0494e-15,5.06
J1809-0119,0.744976402,2.2900e-15,10.59
J1809-0743,0.313885675,1.5210e-16,17.82
J1809-1429,0.895285284,5.2400e-15,12.01
J1809-1850,1.12448109,1.0575e-14,7.06
J1809-1917,0.0827468857,2.5535e-14,3.71
J1809-1943,5.54035372,7.7700e-12,3.60
J1809-2004,0.434811386,7.2800e-15,10.91
J1809-2109,0.702413629,3.8219e-15,5.20
J1809-2332,0.146788548,3.4421e-14,
J1809-3547,0.860387839,1.2000e-16,13.02
J1810-1441,0.2172135,2.3870e-17,5.88
J1810-1820,0.153716278,5.2000e-17,5.59
J1810-2005,0.0328222449,1.4742e-19,4.05
J1810-5338,0.261049318,3.8300e-16,2.00
J1811-0154,0.924944823,1.6080e-15,9.56
J1811+0702,0.461712677,2.6920e-15,3.13
J1811-1049,2.62385856,8.0000e-16,8.50
J1811-1717,0.391385101,1.2000e-16,7.03
J1811-1736,0.104181955,9.0100e-19,5.93
J1811-1835,0.557463612,6.3150e-15,9.36
J1811-1925,0.064667,4.4000e-14,5.00
J1811-2405,0.00266059332,1.3377e-20,1.70
J1811-2439,0.415812941,2.9720e-16,3.85
J1811-4930,1.4327042,2.2540e-15,2.01
J1812+0226,0.793902802,3.5996e-15,6.16
J1812-1718,1.20537444,1.9077e-14,4.20
J1812-1733,0.538340543,9.8245e-16,6.32
J1812-1910,0.430990981,3.7740e-14,11.54
J1812-2102,1.22335231,2.3893e-14,9.62
J1812-2526,0.315835048,1.7750e-16,14.71
J1812-2748,0.236983307,3.1560e-16,3.03
J1812-3039,0.587476776,6.6020e-16,4.61
J1813-1246,0.0480722468,1.7564e-14,
J1813-1749,0.0446993053,1.2655e-13,4.70
J1813+1822,0.336424676,2.1000e-17,6.24
J1813-2113,0.426466241,2.0810e-15,8.75
J1813-2242,0.328514216,4.7800e-17,6.78
J1813-2621,0.00443001163,1.2466e-20,3.37
J1813+4013,0.931089085,2.5487e-15,4.32
J1814-0521,1.01421948,8.8400e-16,4.37
J1814-0618,1.3778685,2.9200e-16,5.63
J1814+1130,0.751261115,1.6604e-15,4.53
J1814-1649,0.957463935,6.3330e-15,9.62
J1814-1744,3.97590519,7.4470e-13,9.77
J1815-1738,0.198435733,7.7853e-14,9.01
J1815-1910,1.24992354,3.6300e-14,7.69
J1816-0755,0.217642691,6.4803e-15,3.21
J1816-1446,0.594499816,1.3261e-15,8.98
J1816-1729,0.78231336,7.2621e-15,6.48
J1816-2650,0.59288513,6.6411e-17,3.61
J1816+4510,0.00319310355,4.3100e-20,4.20
J1816-5643,0.217922882,1.9300e-18,3.06
J1817-1511,0.224603837,1.4313e-15,11.58
J1817-1938,2.04683763,3.6000e-16,10.74
J1817-3618,0.387016921,2.0465e-15,3.78
J1817-3837,0.384486784,5.8020e-16,5.23
J1818-1116,0.544799525,3.8240e-15,10.29
J1818-1422,0.291489461,2.0357e-15,8.10
J1818-1448,0.2813713,6.1500e-15,7.96
J1818-1519,0.93969004,4.1100e-15,9.98
J1818-1541,0.551133777,9.6760e-15,8.24
J1818-1556,0.952708903,7.0620e-16,4.01
J1819-0925,0.852047484,3.1302e-15,11.10
J1819-1008,0.301489849,1.3209e-15,10.75
J1819-1114,0.294162515,5.6600e-16,5.82
J1819-1131,1.38813713,7.6100e-16,12.25
J1819+1305,1.06036354,3.5920e-16,4.41
J1819-1318,1.51569599,6.0000e-16,1.52
J1819-1408,1.78849045,2.5900e-15,12.45
J1819-1458,4.26316403,5.7517e-13,3.81
J1819-1510,0.22653899,7.9000e-18,5.61
J1819-1717,0.393521638,3.4550e-15,5.87
J1820-0427,0.59807593,6.3314e-15,0.30
J1820-0509,0.337320796,9.3230e-16,2.81
J1820-1346,0.921459731,4.4952e-15,9.63
J1820-1529,0.333242851,3.7907e-14,9.60
J1820-1818,0.309904593,9.3609e-17,8.43
J1821+0155,0.0337813319,2.9000e-20,2.29
J1821-0256,0.41411105,3.7200e-17,2.55
J1821-0331,0.902315629,2.5300e-15,5.56
J1821-1419,1.65600957,8.9450e-13,11.93
J1821-1432,1.91513067,5.3730e-15,6.95
J1821+1715,1.36668206,8.7140e-16,4.68
J1822+0705,1.36281739,1.7472e-15,3.02
J1822-0848,2.50451782,4.0300e-16,4.19
J1822-0907,0.974700373,3.5500e-16,12.31
J1822+1120,1.78703681,2.3460e-15,8.77
J1822-1252,2.07104027,8.4760e-14,10.61
J1822-1400,0.21477111,9.0689e-16,7.77
J1822-1604,8.43772106,2.1000e-14,
J1822-1617,0.831155727,1.8850e-15,11.64
J1822-2256,1.87426852,1.3544e-15,3.43
J1822-4209,0.456511945,4.5864e-16,3.50
J1823-0154,0.759777464,1.1315e-15,4.56
J1823+0550,0.752906543,2.2673e-16,2.00
J1823-1115,0.279828697,1.3786e-15,6.28
J1823-1126,1.8465342,3.6520e-14,8.72
J1823-1347,0.617107206,9.6000e-15,11.14
J1823-1526,1.62540547,4.5200e-15,9.17
J1823-1807,1.63679245,2.8000e-16,6.64
J1823-3021A,0.00544000416,3.3750e-18,12.10
J1823-3021B,0.378596492,2.9900e-17,12.10
J1823-3021C,0.405935963,2.2400e-16,12.10
J1823-3106,0.284054345,2.9270e-15,1.66
J1824-0127,2.49946827,3.9110e-15,2.21
J1824-1118,0.435759033,3.5545e-15,8.03
J1824-1159,0.362492078,5.3793e-15,6.09
J1824-1350,1.39659855,6.0700e-16,7.06
J1824-1423,0.359394162,3.9230e-16,6.05
J1824-1500,0.412229959,7.5800e-16,8.30
J1824-1945,0.18933499,5.2313e-15,3.70
J1824-2233,1.16174311,3.0100e-16,4.26
J1824-2328,1.50587455,1.7400e-15,5.76
J1824-2452A,0.00305431559,1.6188e-18,5.50
J1824-2537,0.223320267,4.4016e-16,5.48
J1825+0004,0.7789494,8.7616e-16,2.26
J1825-0319,0.00455352792,6.8000e-21,3.26
J1825-0935,0.769005855,5.2502e-14,0.30
J1825-1108,1.92587177,1.9000e-15,2.71
J1825-1446,0.279186875,2.2678e-14,5.45
J1826-1131,2.09313631,4.9103e-15,4.83
J1826-1256,0.110223702,1.2145e-13,
J1826-1334,0.101486794,7.5252e-14,4.12
J1826-1419,0.770620171,8.7841e-15,3.59
J1826-1526,0.382072812,1.0850e-15,10.87
J1827-0750,0.270502039,1.5446e-15,7.39
J1827-0934,0.512547818,7.2270e-15,4.47
J1827-0958,0.245757118,1.0023e-15,6.15
J1828-0611,0.269414732,1.4595e-15,8.76
J1828-1007,0.153196979,6.1339e-16,4.72
J1828-1057,0.246327587,2.0701e-14,4.27
J1828-1101,0.0720516327,1.4810e-14,7.26
J1828-1336,0.860332116,9.9500e-16,7.99
J1828+1359,0.74163952,7.2860e-16,3.29
J1828-2119,0.51452307,1.2668e-15,12.56
J1829+0000,0.199147397,5.2490e-16,3.32
J1829-0734,0.318400873,4.7890e-15,5.45
J1829-1751,0.307132976,5.5517e-15,5.49
J1829+2456,0.0410098236,5.2500e-20,0.74
J1830-0052,0.345698034,2.3700e-16,7.10
J1830-0131,0.457535874,6.3181e-15,2.68
J1830-1059,0.405043322,6.0025e-14,3.58
J1830-1135,6.22155267,4.7750e-14,4.36
J1830-1313,0.747187668,1.7140e-15,10.42
J1830-1414,0.77149252,7.6000e-17,7.81
J1831-0823,0.612132964,3.0910e-16,4.41
J1831-0952,0.0672668461,8.3239e-15,4.33
J1831-1223,2.857941,5.5000e-15,5.51
J1831-1329,2.16567935,2.9900e-15,6.48
J1831-1423,0.507945195,1.0947e-15,8.02
J1832+0029,0.533917296,1.5100e-15,1.45
J1832-0644,0.744295419,3.7089e-14,8.81
J1832-0827,0.647292718,6.3879e-14,5.20
J1832-0836,0.00271911206,8.6200e-21,1.40
J1832-1021,0.330354089,4.2020e-15,6.43
J1833-0209,0.291930632,2.7548e-15,9.25
J1833-0338,0.686704444,4.1565e-14,5.07
J1833-0556,1.52154517,1.2800e-15,7.37
J1833-0559,0.48345888,1.2350e-14,5.83
J1833-0827,0.0852842513,9.1707e-15,4.50
J1833-0831,7.5654084,3.4000e-12,
J1833-1034,0.06188365,2.0201e-13,4.10
J1833-1055,0.633640298,5.2700e-16,8.44
J1833-6023,1.8894355,2.7000e-16,1.85
J1834-0010,0.520954311,1.0530e-17,2.64
J1834-0031,0.329531922,4.4860e-16,4.35
J1834-0426,0.290108193,7.1947e-17,2.30
J1834-0602,0.487913592,1.8280e-15,6.60
J1834-0633,0.317314883,6.0000e-16,9.36
J1834-0731,0.512979909,5.8200e-14,4.76
J1834-0742,0.788353567,3.2470e-14,6.91
J1834-0812,0.491141556,9.9600e-15,10.34
J1834-0845,2.4823018,7.9600e-12,
J1834-1202,0.610258782,6.7000e-18,6.28
J1834-1710,0.358306049,4.6900e-17,3.53
J1834-1855,1.46565577,1.9310e-15,6.21
J1835-0114,0.00511638764,7.0000e-21,2.67
J1835-0349,0.841864519,3.0580e-15,5.25
J1835-0522,1.08774919,4.7000e-16,7.13
J1835-0643,0.305830098,4.0456e-14,6.44
J1835-0924,0.859192035,2.1390e-14,6.62
J1835-09242,0.235248925,1.1840e-17,6.85
J1835-0928,0.621733994,9.6900e-16,6.36
J1835-0944,0.145346823,4.3900e-15,4.67
J1835-0946,0.379536106,4.3000e-17,4.04
J1835-1020,0.302448109,5.9187e-15,2.57
J1835-1106,0.165906978,2.0611e-14,3.08
J1835-1548,0.670485662,1.7400e-15,15.04
J1836-0436,0.354236508,1.6609e-15,4.62
J1836-0517,0.45724503,1.3019e-15,8.08
J1836-1008,0.562710736,1.1799e-14,5.39
J1836-1324,0.178756352,1.0366e-15,3.91
J1836-2354A,0.00335433608,2.3180e-21,3.20
J1836+5925,0.173263836,1.5016e-15,
J1837-0045,0.617036696,1.6845e-15,2.55
J1837+0053,0.47351253,3.8000e-17,3.24
J1837-0559,0.201062574,3.3048e-15,5.01
J1837-0604,0.0962942077,4.5172e-14,6.19
J1837-0653,1.90580871,7.7204e-16,4.93
J1837+1221,1.96353198,6.2000e-15,6.10
J1837-1243,1.87601852,3.6510e-14,7.51
J1837-1837,0.618357697,5.4950e-15,3.04
J1838-0107,0.444425725,5.4600e-18,5.83
J1838-0453,0.380830777,1.1566e-13,8.28
J1838-0537,0.14570774,4.7179e-13,
J1838-0549,0.2353032,3.3429e-14,4.73
J1838-0624,0.927177742,7.7000e-17,5.82
J1838-0655,0.070498244,4.9250e-14,6.60
J1838-1046,1.2183536,3.0800e-15,4.35
J1838+1650,1.9019674,2.6770e-15,1.84
J1838-1849,0.488242009,4.0000e-17,6.30
J1839-0223,1.26679012,4.7630e-15,5.78
J1839-0321,0.238777818,1.2520e-14,6.82
J1839-0332,2.67568226,4.7600e-15,4.24
J1839-0402,0.52093968,7.6940e-15,4.69
J1839-0436,0.149460656,8.0960e-16,4.98
J1839-0459,0.585319038,3.3080e-15,4.59
J1839-0627,0.484913679,1.3200e-16,2.33
J1839-0643,0.44954815,3.6380e-15,6.55
J1839-0905,0.418968843,2.6033e-14,6.14
J1839-1238,1.91142802,4.9470e-15,4.18
J1839+15,0.549160534,2.6130e-14,3.94
J1840+0214,0.797478075,8.2940e-15,5.42
J1840-0559,0.859368467,9.6020e-15,5.04
J1840-0626,1.8933527,2.3030e-14,8.99
J1840-0643,0.0355778755,2.2020e-16,6.73
J1840-0753,0.437869002,1.0000e-16,11.71
J1840-0809,0.955672136,2.3510e-15,5.77
J1840-0815,1.09643997,2.4151e-15,4.50
J1840-0840,5.30937668,2.3700e-14,4.94
J1840-1122,0.940961617,6.4090e-15,8.30
J1840-1207,0.754470427,3.1972e-15,9.59
J1840-1419,6.59756262,6.3300e-15,1.01
J1840+5640,1.65286185,1.4948e-15,2.61
J1841+0130,0.0297727753,8.1700e-18,3.19
J1841-0157,0.663321098,1.8077e-14,7.27
J1841-0310,1.65765646,3.3500e-16,4.50
J1841-0345,0.204068115,5.7872e-14,4.15
J1841-0425,0.186148858,6.3929e-15,5.17
J1841-0456,11.7889784,4.0920e-11,9.60
J1841-0500,0.912914196,3.4750e-14,6.77
J1841-0524,0.445748931,2.3372e-13,4.89
J1841+0912,0.381319294,1.0903e-15,2.49
J1841-1404,1.33455723,6.4000e-16,10.85
J1841-7845,0.353602533,1.6000e-16,4.01
J1842-0153,1.05422825,6.7220e-15,6.49
J1842+0257,3.08825579,2.9591e-14,3.93
J1842-0309,0.404919644,4.5180e-15,11.41
J1842+0358,0.233326207,8.1150e-16,3.21
J1842-0359,1.83994432,5.0876e-16,4.15
J1842-0415,0.526682242,2.1937e-14,4.02
J1842-0612,0.56447538,2.2000e-17,7.01
J1842+0638,0.313016401,7.6000e-17,11.04
J1842-0800,1.25546857,1.9400e-16,4.23
J1842-0905,0.344642757,1.0493e-14,7.41
J1842+1332,0.471603579,2.2900e-16,5.90
J1843-0000,0.880330482,7.7920e-15,2.73
J1843-0050,0.782598469,2.4900e-16,7.73
J1843-0137,0.669872387,2.4680e-15,7.13
J1843-0211,2.02752439,1.4440e-14,6.34
J1843-0355,0.132313618,1.0400e-15,8.81
J1843-0408,0.7819337,2.3900e-15,4.68
J1843-0459,0.75496337,8.5400e-16,6.15
J1843-0510,0.671613829,3.8923e-15,4.72
J1843-0702,0.191614063,2.1402e-15,4.57
J1843-0744,0.475392527,1.3304e-14,5.77
J1843-0806,0.536413666,1.7359e-14,4.55
J1843-1113,0.00184566629,9.5900e-21,1.97
J1843-1448,0.00547133088,6.2090e-21,3.42
J1843-1507,0.583550377,7.1999e-15,9.05
J1843+2024,3.40653867,1.0400e-15,7.72
J1844-0030,0.641097851,6.0780e-15,8.66
J1844+0115,0.00418554394,1.0700e-20,3.45
J1844-0244,0.507722322,1.6740e-14,5.99
J1844-0302,1.19863027,7.8090e-15,6.80
J1844-0310,0.525049143,1.0235e-14,8.88
J1844-0433,0.991026616,3.9145e-15,2.78
J1844-0452,0.269443321,6.8000e-16,8.06
J1844-0502,0.335162528,6.2000e-17,5.20
J1844-0538,0.255699268,9.7055e-15,6.18
J1844+1454,0.375463379,1.8723e-15,2.61
J1845-0316,0.20763572,8.8600e-15,6.53
J1845-0434,0.486750799,1.1326e-14,4.61
J1845-0545,1.09234815,1.3430e-14,5.39
J1845+0623,1.42165378,5.4600e-16,3.53
J1845-0635,0.340527647,4.4910e-15,7.56
J1845-0743,0.104694545,3.6660e-16,5.85
J1845-0826,0.634354347,9.3530e-15,4.87
J1845-1114,0.206219981,2.0055e-15,5.82
J1845-1351,2.61891847,9.7230e-15,7.10
J1846+0051,0.43437288,1.1226e-14,3.20
J1846-0257,4.47672254,1.6059e-13,4.69
J1846-0258,0.326571288,7.1074e-12,5.80
J1846-0749,0.350109573,1.2616e-15,10.10
J1846-07492,0.861379643,5.1870e-15,4.47
J1846+0919,0.225551453,9.9300e-15,
J1846-7403,4.87883853,6.0600e-15,4.07
J1847-0130,6.70704572,1.2749e-12,7.64
J1847-0402,0.597769151,5.1707e-14,3.12
J1847-0427,0.259246643,5.9000e-18,4.17
J1847-0438,0.957991165,1.0933e-14,4.72
J1847-0443,0.34083213,2.8300e-17,7.57
J1847-0605,0.778164353,4.6450e-15,4.59
J1848-0023,0.537623733,1.6100e-15,1.55
J1848-0055,0.274556685,1.3500e-15,15.15
J1848-0123,0.659432051,5.2518e-15,4.40
J1848+0351,0.191442663,6.7300e-17,10.53
J1848-0511,1.63712901,8.8630e-15,7.78
J1848-0601,0.225004475,2.8710e-16,12.13
J1848+0604,2.21860265,3.7360e-15,8.78
J1848+0647,0.505956739,8.7516e-15,1.44
J1848+0826,0.328664727,2.7210e-16,3.37
J1848-1150,1.31221844,1.4340e-15,4.77
J1848-1414,0.297769547,1.4090e-17,4.39
J1848-1952,4.3081896,2.3282e-14,0.95
J1849-0001,0.0385189434,1.4224e-14,
J1849-0040,0.672480607,1.1140e-14,20.86
J1849+0127,0.542155481,2.7970e-14,4.54
J1849-0317,0.668407829,2.2030e-14,1.90
J1849+0409,0.761194082,2.1586e-14,2.41
J1849-0614,0.953384188,5.3889e-14,2.84
J1849-0636,1.45131947,4.6240e-14,3.68
J1849+2423,0.275641499,1.5258e-16,4.02
J1850-0006,2.19149797,4.3200e-15,7.21
J1850-0026,0.166633924,3.9102e-14,10.69
J1850+0026,1.08184378,3.5900e-16,4.27
J1850-0031,0.73418486,1.2630e-15,9.98
J1850+0124,0.00355976377,1.0900e-20,2.97
J1850+0242,0.00447986405,1.6300e-19,13.10
J1850+0423,0.290716217,9.1400e-17,7.38
J1850+1335,0.345581898,1.4924e-15,3.14
J1851-0029,0.518721435,4.7386e-15,6.86
J1851-0053,1.40906524,8.7000e-16,1.24
J1851-0114,0.953181685,2.4830e-15,6.28
J1851+0118,0.906976861,1.3670e-13,6.75
J1851-0241,0.435193852,7.9630e-15,7.62
J1851+0418,0.284697472,1.0890e-15,3.17
J1851+1259,1.20530328,1.1520e-14,3.50
J1852+0008,0.467894113,5.6790e-15,5.10
J1852+0013,0.957750945,1.4034e-14,7.22
J1852+0031,2.18019518,9.6955e-14,8.00
J1852+0040,0.104912611,8.6800e-18,10.00
J1852-0118,0.451472853,1.7570e-15,5.40
J1852-0127,0.428978926,5.1490e-15,6.43
J1852+0305,1.32614857,1.0000e-16,6.73
J1852-0635,0.524150885,1.4640e-14,4.60
J1852-2610,0.336337132,8.7706e-17,2.26
J1853-0004,0.101435746,5.5745e-15,6.58
J1853+0011,0.397881894,3.3538e-14,7.48
J1853+0056,0.2755776,2.1390e-14,3.82
J1853+0505,0.905137354,1.2806e-15,7.54
J1853+0545,0.126400333,6.1248e-16,4.77
J1853-0649,1.04813211,1.5480e-15,1.89
J1853+0853,3.91465792,5.1300e-15,7.54
J1853+1303,0.00409179738,8.7163e-21,1.60
J1854+0306,4.5578201,1.4513e-13,4.11
J1854+0317,1.36644965,1.8500e-15,7.95
J1854+1050,0.573196989,6.3887e-16,8.27
J1854-1421,1.14659485,4.1612e-15,5.23
J1854-1557,3.4532,4.5200e-15,11.75
J1855+0205,0.24681677,6.4660e-17,16.48
J1855+0307,0.845347575,1.8110e-14,7.45
J1855+0422,1.67810633,9.3000e-16,9.85
J1855+0527,1.39348448,2.6721e-13,9.70
J1855+0700,0.258684648,7.5160e-16,6.84
J1855-0941,0.34540116,2.4000e-16,4.87
J1856+0102,0.620217115,1.2220e-15,8.61
J1856+0113,0.26743961,2.0836e-13,3.30
J1856+0245,0.0809066891,6.2117e-14,10.29
J1856+0404,0.420252155,3.7000e-17,6.98
J1856-0526,0.370483417,1.6975e-15,3.45
J1856-3754,7.05520287,2.9800e-14,0.16
J1857+0057,0.356928998,5.4590e-17,2.63
J1857+0143,0.139760065,3.1167e-14,5.18
J1857+0210,0.630983058,1.4034e-14,15.01
J1857+0212,0.415823055,4.0272e-14,8.00
J1857+0526,0.349951178,6.9311e-15,11.44
J1857+0809,0.502923871,4.7374e-15,8.72
J1857+0943,0.00536210055,1.7838e-20,0.70
J1857-1027,3.68721905,1.0550e-14,3.64
J1858+0215,0.745828032,4.6100e-15,12.46
J1858+0241,4.69323293,2.4320e-14,6.46
J1858+0346,0.256843798,2.0401e-15,7.28
J1858-0736,0.551058591,5.0600e-15,7.20
J1859+0601,1.0443127,2.5510e-14,5.98
J1859+1526,0.933971582,3.9255e-15,4.76
J1900-0051,0.385194095,1.4210e-16,3.30
J1900+0227,0.374261575,5.7050e-15,4.32
J1900+0308,0.00490923902,5.9000e-21,5.27
J1900+0634,0.389869101,5.1250e-15,7.31
J1900-2600,0.612209204,2.0453e-16,0.70
J1900-7951,1.27919319,1.8600e-15,3.87
J1901+0124,0.318817259,3.2410e-15,7.20
J1901+0156,0.288219159,2.3575e-15,2.96
J1901+0254,1.29969345,4.6000e-16,3.95
J1901+0300,0.00779677626,4.5710e-20,5.50
J1901-0312,0.355725187,2.2920e-15,2.89
J1901-0315,0.801693097,2.5700e-15,6.95
J1901+0320,0.636584478,5.2000e-16,7.74
J1901+0331,0.655450239,7.4593e-15,7.00
J1901+0355,0.554756465,1.2741e-14,10.18
J1901+0413,2.66307968,1.3160e-13,6.91
J1901+0435,0.690576358,8.6700e-15,30.00
J1901+0510,0.614756694,3.1100e-14,8.47
J1901+0621,0.832001949,1.8000e-17,3.11
J1901+0716,0.643998664,2.2872e-15,3.40
J1901-0906,1.78192776,1.6383e-15,2.42
J1901+1306,1.83085745,1.3100e-16,3.53
J1901-1740,1.95685759,8.2300e-16,1.27
J1902+0248,1.22377745,2.4100e-15,6.09
J1902-0340,1.52467211,2.0000e-15,3.13
J1902+0556,0.746577356,1.2875e-14,3.60
J1902+0615,0.673503317,7.7127e-15,7.00
J1902+0723,0.487812628,2.1000e-16,3.33
J1902-5105,0.00174239995,9.1993e-21,2.10
J1903+0135,0.729303862,4.0331e-15,3.30
J1903-0258,0.301458774,6.7910e-16,3.10
J1903+0327,0.00214991236,1.8821e-20,6.45
J1903+0601,0.374117028,1.9204e-14,7.84
J1903-0632,0.431887085,3.4014e-15,8.77
J1903-0848,0.887324641,1.3300e-15,2.32
J1903+0925,0.35715482,3.6899e-14,4.17
J1903+2225,0.651185384,4.4500e-16,7.86
J1903-7051,0.00359789802,1.0430e-20,1.13
J1904+0004,0.139524629,1.1806e-16,6.43
J1904-0150,0.379387162,8.8980e-16,4.93
J1904+0412,0.0710948974,1.1000e-19,4.01
J1904+0451,0.00609236793,5.7000e-21,3.96
J1904+0738,0.208958332,4.1090e-16,5.86
J1904+0800,0.263344726,1.7317e-14,9.20
J1904+1011,1.85656972,2.7600e-16,4.03
J1904-1224,0.750808122,7.4236e-16,5.63
J1905-0056,0.64318126,3.0516e-15,6.91
J1905+0400,0.00378440479,4.9052e-21,1.33
J1905+0600,0.441209732,1.1123e-15,18.06
J1905+0616,0.989706023,1.3523e-13,5.24
J1905+0709,0.648040054,4.9416e-15,4.98
J1905+0902,0.218252913,3.4985e-15,9.14
J1906+0414,1.04336163,1.1461e-14,9.21
J1906+0641,0.267275008,2.1356e-15,7.00
J1906+0649,1.28656438,1.5200e-16,5.07
J1906+0722,0.111524136,3.5879e-14,
J1906+0746,0.144073155,2.0268e-14,7.40
J1906+0912,0.77534459,1.3200e-16,5.63
J1906+1854,1.01909277,2.0540e-16,11.06
J1907+0249,0.35187944,1.1350e-15,7.49
J1907+0345,0.240153263,8.2220e-15,8.62
J1907+0534,1.13840271,3.1500e-15,11.94
J1907+0602,0.106632746,8.6821e-14,3.01
J1907+0731,0.36367633,1.8416e-14,4.89
J1907+0740,0.574697952,6.7100e-16,6.84
J1907+0918,0.22610711,9.4296e-14,7.68
J1907+0919,5.198346,9.2000e-11,
J1907+1149,1.42016034,1.5979e-13,5.28
J1907+1247,0.827097371,1.9480e-15,7.18
J1907-1532,0.632235329,3.0840e-15,3.09
J1907+4002,1.23575745,5.4071e-16,1.76
J1908+0457,0.846792846,9.8000e-16,9.30
J1908+0500,0.291020787,2.5856e-15,4.43
J1908+0734,0.212352673,8.2459e-16,0.58
J1908+0839,0.185397244,2.3865e-15,9.42
J1908+0909,0.336554652,3.4871e-14,8.81
J1908+0916,0.830269885,9.8000e-17,5.17
J1908+2351,0.377578026,1.7000e-17,6.63
J1909+0007,1.01694836,5.5186e-15,3.26
J1909+0254,0.989831207,5.5253e-15,4.50
J1909+0616,0.755992761,2.0580e-14,8.59
J1909+0641,0.741761952,3.2239e-15,1.86
J1909+0749,0.237161293,1.5192e-13,10.84
J1909+0912,0.222949273,3.5805e-14,8.20
J1909+1102,0.283641331,2.6397e-15,4.80
J1909+1450,0.996107795,2.1900e-16,4.94
J1909+1859,0.542451096,9.7000e-17,3.40
J1909-3744,0.00294710807,1.4025e-20,1.14
J1910-0112,1.36060293,1.8000e-16,6.44
J1910+0225,0.337854845,2.6230e-16,6.33
J1910-0309,0.504604608,2.1873e-15,10.25
J1910+0358,2.33026282,4.4711e-15,2.95
J1910+0534,0.452867354,1.9200e-15,15.39
J1910+0714,2.71242284,6.1220e-15,3.60
J1910+0728,0.325415322,8.3062e-15,6.04
J1910+1231,1.44174159,8.2297e-15,6.47
J1910+1256,0.00498358394,9.6860e-21,1.95
J1910-5959A,0.00326618657,2.9470e-21,4.55
J1910-5959C,0.00527732693,2.1600e-21,2.16
J1910-5959D,0.00903528525,9.6431e-19,2.15
J1911-1114,0.00362574557,1.4160e-20,1.59
J1911+1347,0.00462596247,1.7120e-20,1.60
J1911+1758,0.460405819,1.3100e-17,2.54
J1912+1036,0.409349486,1.5762e-14,4.23
J1912+2104,2.23296903,1.0178e-14,4.84
J1912+2525,0.621976245,2.2500e-16,2.02
J1913-0440,0.825935803,4.0680e-15,3.22
J1913+0446,1.61612987,2.7890e-13,3.41
J1913+0832,0.134409004,4.5696e-15,7.76
J1913+0904,0.163245786,1.7617e-14,3.49
J1913+0936,1.2419646,4.3200e-16,4.22
J1913+1000,0.837148196,1.6737e-14,7.89
J1913+1011,0.0359086128,3.3677e-15,4.48
J1913+1145,0.306068645,5.0160e-15,15.06
J1913+1330,0.923390559,8.6799e-15,5.35
J1913+1400,0.521472714,8.0353e-16,5.07
J1913+3732,0.851078949,1.3792e-15,5.50
J1914+0219,0.457526574,1.0181e-15,9.77
J1914+0631,0.693811206,3.3000e-17,2.68
J1914+1122,0.600997496,6.5550e-16,3.80
J1915+0227,0.317306233,2.9898e-16,7.01
J1915+0738,1.54270445,3.3060e-15,1.98
J1915+0752,2.05831379,1.3900e-16,3.56
J1915+0838,0.342776797,1.5710e-15,8.12
J1915+1009,0.404547474,1.5256e-14,7.00
J1915+1410,0.297494122,4.8900e-17,7.76
J1915+1606,0.0590300032,8.6280e-18,7.13
J1915+1647,1.6162315,4.0550e-16,3.16
J1916+0748,0.541752114,1.0708e-14,8.24
J1916+0844,0.439995272,2.9009e-15,7.98
J1916+0852,2.18274599,1.3100e-14,6.98
J1916+0951,0.27025444,2.5185e-15,2.88
J1916+1023,1.61833892,6.8000e-16,6.93
J1916+1030,0.628969721,3.4000e-17,7.55
J1916+1225,0.227387489,2.3452e-14,6.19
J1916+1312,0.281842407,3.6491e-15,4.50
J1917+0834,2.12966536,1.7494e-14,1.51
J1917+1353,0.194630983,7.1978e-15,5.00
J1917+1737,0.334725227,3.2400e-16,10.21
J1917+2224,0.425897254,2.8649e-15,8.04
J1918-0642,0.00764587288,2.5694e-20,0.91
J1918-1052,0.798692542,8.6530e-16,2.78
J1918+1444,1.1810233,2.1236e-13,1.41
J1918+1541,0.370882999,2.5430e-15,0.68
J1919+0021,1.27226037,7.6698e-15,3.32
J1919+0134,1.60398356,5.8900e-16,10.23
J1919+1314,0.571399861,3.7877e-15,20.84
J1919+1645,0.562789987,2.1610e-16,9.56
J1919+1745,2.08134346,1.7050e-15,6.86
J1920+1040,2.21580174,6.4800e-15,7.19
J1920+1110,0.50988582,1.5600e-16,5.01
J1920+2650,0.78552185,3.4360e-17,1.46
J1921+0812,0.210648412,5.3633e-15,3.47
J1921+1419,0.618182591,5.6007e-15,4.08
J1921+1544,0.143575681,9.8036e-16,15.10
J1921+1948,0.821035081,8.9551e-16,8.15
J1921+2003,0.760681389,5.0000e-17,5.16
J1921+2153,1.33730216,1.3482e-15,0.30
J1922+1733,0.236170877,1.3384e-14,10.00
J1922+2018,1.1727634,6.4875e-16,10.74
J1922+2110,1.07792434,8.1803e-15,4.00
J1923+1706,0.547209202,4.3000e-17,6.38
J1923+2515,0.00378815552,9.4200e-21,0.99
J1924+1631,2.93518646,3.6421e-13,28.35
J1924+1639,0.158042918,2.5638e-15,9.13
J1924+2040,0.237790138,2.0900e-15,10.75
J1926+0431,1.07407817,2.4589e-15,3.95
J1926+0737,0.318062051,3.7500e-16,5.61
J1926-1314,4.8642838,3.6440e-14,2.09
J1926+1434,1.32492197,2.1948e-16,8.02
J1926+1648,0.579822815,1.7994e-14,6.00
J1926+1928,1.34601218,1.4300e-15,30.00
J1926+2016,0.299071778,3.5008e-15,11.85
J1927+0911,0.290305256,6.3500e-17,7.19
J1927+1852,0.482766274,1.1600e-16,10.28
J1927+1856,0.298313497,2.2430e-15,4.81
J1927+2234,1.43106641,7.7100e-16,9.30
J1928+1746,0.0687304058,1.3191e-14,8.12
J1928+1923,0.817329808,6.3495e-15,30.00
J1929+1844,1.22047,2.3600e-15,5.34
J1929+1955,0.25783194,2.5553e-15,12.08
J1929+2121,0.723598503,2.1386e-15,3.36
J1930+1316,0.760031968,3.6610e-15,8.28
J1930-1852,0.18552016,1.8001e-17,2.34
J1930+1852,0.136855047,7.5057e-13,7.00
J1931+1536,0.314355396,5.0148e-15,6.41
J1931+1952,0.501123113,1.0080e-16,22.62
J1932+1059,0.226517635,1.1574e-15,0.31
J1932+1916,0.208214904,9.3173e-14,
J1932+2020,0.268217403,4.2171e-15,5.00
J1932+2220,0.144469765,5.7572e-14,10.90
J1932-3655,0.57142032,2.8400e-16,4.41
J1933+0758,0.437454407,2.1830e-16,8.33
J1933+1304,0.928323751,3.1820e-16,8.10
J1933+2421,0.813690303,8.1098e-15,5.52
J1933-6211,0.00354343144,3.7000e-21,0.63
J1934+2352,0.178431524,1.3070e-13,23.98
J1935+1616,0.358738411,6.0025e-15,3.70
J1935+1745,0.654408147,3.7800e-16,9.57
J1935+2025,0.0801181335,6.0758e-14,8.64
J1936+1536,0.96733837,4.0390e-15,8.41
J1937+1505,2.87277365,5.6000e-15,14.07
J1937+2544,0.200980202,6.4292e-16,2.76
J1937+2950,1.65742878,3.4811e-15,6.44
J1938+0650,1.12156189,5.6800e-15,3.64
J1938+2010,0.687081857,3.3990e-15,14.36
J1938+2213,0.166115573,4.2442e-14,4.54
J1939+2134,0.00155780656,1.0510e-19,1.50
J1939+2449,0.645302469,1.8271e-14,7.34
J1940+2337,0.546824158,7.6796e-14,9.87
J1941+0121,0.217317452,1.9130e-16,2.89
J1941+1026,0.905393888,9.9620e-16,8.60
J1941+1341,0.559084099,1.2387e-15,8.55
J1941+2525,2.3061527,1.6083e-13,15.35
J1941-2602,0.402857909,9.5615e-16,4.74
J1942+1743,0.696262215,1.0100e-16,9.83
J1943+0609,0.446226282,4.6590e-16,3.89
J1943-1237,0.972428851,1.6557e-15,1.64
J1943+2210,0.00508417369,8.8000e-21,8.35
J1944+0907,0.0051852019,1.7130e-20,1.28
J1944-1750,0.841157774,9.8619e-16,5.30
J1944+1755,1.99689901,7.3000e-16,9.50
J1944+2236,0.00361799308,7.5000e-21,8.46
J1945-0040,1.04563244,5.3466e-16,3.53
J1945+1834,1.06870769,2.4200e-16,12.77
J1946-1312,0.491865489,1.9866e-15,5.64
J1946+1805,0.440618477,2.4092e-17,0.30
J1946+2244,1.33444986,8.8900e-16,7.09
J1946+2535,0.515167051,5.6410e-15,9.58
J1946+2611,0.435060255,2.1970e-14,7.78
J1946-2913,0.959447932,1.4883e-15,4.31
J1946+3417,0.00317013923,3.7000e-21,6.41
J1947+0915,1.48074382,4.7800e-16,5.80
J1947+1957,0.157508543,5.2260e-16,9.51
J1948+2551,0.196626814,9.0224e-15,11.85
J1948+3540,0.717311174,7.0612e-15,7.87
J1949+2306,1.31937339,1.2310e-16,8.65
J1949-2524,0.95761663,3.2706e-15,1.34
J1949+3106,0.0131381833,9.3913e-20,7.78
J1950+2414,0.00430477555,1.8900e-20,7.29
J1951+1123,5.09408303,3.0310e-15,1.66
J1952+1410,0.275025683,1.2815e-16,1.66
J1952+2630,0.0207323606,4.2721e-18,13.67
J1952+3252,0.0395311929,5.8448e-15,3.00
J1953+1149,0.851890277,2.8650e-15,12.53
J1953+2732,1.33396499,1.7730e-15,7.86
J1954+2836,0.0927090547,2.1163e-14,
J1954+2923,0.426676787,1.7110e-18,0.42
J1955+2527,0.00487276586,9.1200e-21,9.06
J1955+2908,0.00613316651,2.9720e-20,5.39
J1955+5059,0.518937987,1.3724e-15,1.80
J1956+0838,0.303910924,2.1990e-16,4.31
J1957+2831,0.307682865,3.1099e-15,6.98
J1957+5033,0.374806224,7.0800e-15,
J1958+2846,0.290389245,2.1204e-13,
J1959+2048,0.00160740168,1.6851e-20,1.53
J1959+3620,0.406081181,3.6000e-17,29.32
J2002+1637,0.276497484,2.2500e-16,6.10
J2002+3217,0.69676051,1.0514e-13,6.68
J2002+4050,0.90506682,1.7388e-15,8.30
J2004+3137,2.11126473,7.4550e-14,8.00
J2004+3429,0.240952642,2.0683e-13,22.18
J2005-0020,2.27966106,2.5663e-14,2.16
J2005+3547,0.615033895,2.8080e-16,30.00
J2005+3552,0.307942905,2.9900e-15,30.00
J2006-0807,0.580871337,4.6010e-17,2.01
J2006+3102,0.163695236,2.4872e-14,5.58
J2007+0809,0.325724366,1.3700e-16,3.44
J2007+0910,0.458734826,3.3244e-16,2.93
J2007+2722,0.0244973885,9.6110e-19,6.85
J2007+3120,0.608205315,1.5604e-14,7.28
J2008+2513,0.589195503,5.3950e-15,3.22
J2009+3326,1.4383686,1.4680e-15,10.73
J2010-1323,0.00522327102,4.8200e-21,1.29
J2010+2845,0.565369345,9.0720e-17,6.03
J2010+3230,1.44244752,3.6160e-15,18.89
J2011+3331,0.931733093,1.7857e-15,12.95
J2012-2029,0.544001871,5.4750e-16,3.92
J2013-0649,0.580187269,6.0070e-16,4.85
J2013+3058,0.276027693,1.5194e-16,6.88
J2013+3845,0.230193614,8.8510e-15,13.07
J2015+2524,2.30329908,5.1000e-16,0.69
J2016+1948,0.0649403882,4.0063e-19,1.83
J2017+0603,0.00289621582,8.3000e-21,1.32
J2017+2043,0.537143086,9.9555e-16,3.55
J2018+2839,0.55795348,1.4811e-16,0.98
J2018+3431,0.387664087,1.8365e-15,8.79
J2019+2425,0.00393452408,7.0237e-21,0.91
J2021+3651,0.103740952,9.5721e-14,1.80
J2021+4026,0.265317661,5.4682e-14,2.15
J2022+2854,0.343402158,1.8942e-15,2.10
J2022+3842,0.0485787796,8.6100e-14,10.00
J2022+5154,0.529196918,3.0634e-15,1.80
J2023+5037,0.372619055,2.5121e-15,1.80
J2027+2146,0.398173022,2.0280e-16,10.09
J2027+4557,1.09965137,3.0940e-16,22.99
J2028+3332,0.176707415,4.8575e-15,
J2029+3744,1.21680466,1.2320e-14,7.00
J2030+2228,0.630512647,8.8535e-16,4.75
J2030+3641,0.200128588,6.5001e-15,11.17
J2030+4415,0.227070177,6.4843e-15,
J2032+4127,0.1432499,1.2500e-14,1.70
J2033+0042,5.013398,1.0130e-14,2.87
J2033+1734,0.00594895753,1.1112e-20,1.37
J2033-1938,1.28171902,4.5500e-16,1.54
J2036+2835,1.35872676,2.0900e-15,6.78
J2037+1942,2.07437708,2.0400e-15,2.05
J2037+3621,0.618715084,4.5024e-15,5.05
J2038-3816,1.57728615,4.1340e-15,2.94
J2038+5319,1.42456822,9.4418e-16,13.83
J2040+1657,0.865606225,5.9490e-16,3.51
J2043+1711,0.00237987896,5.2400e-21,1.25
J2043+2740,0.0961305629,1.2700e-15,1.13
J2044+4614,1.39271546,6.3000e-16,26.78
J2045+0912,0.395555112,1.9520e-16,1.99
J2046-0421,1.54693812,1.4715e-15,3.83
J2046+1540,1.13828568,1.8232e-16,2.56
J2046+5708,0.476734842,1.1122e-14,9.67
J2047+5029,0.445944557,4.1757e-15,5.03
J2048-1616,1.9615723,1.0958e-14,0.95
J2048+2255,0.283900964,1.5160e-17,6.18
J2051-0827,0.00450864174,1.2737e-20,1.28
J2053-7200,0.341336231,1.9570e-16,1.05
J2055+2209,0.815181103,1.3401e-15,2.15
J2055+2539,0.319561174,4.0800e-15,
J2055+3630,0.221507638,3.6913e-16,5.00
J2105+6223,2.30487884,5.2190e-15,3.03
J2108-3429,1.42310184,3.5030e-15,2.63
J2108+4441,0.414870537,8.6210e-17,5.28
J2111+2106,3.95385296,3.2400e-15,5.64
J2111+4606,0.157829925,1.4304e-13,
J2113+2754,1.20285175,2.6230e-15,2.61
J2113+4644,1.01468479,7.1461e-16,4.00
J2116+1414,0.440153067,2.8926e-16,4.43
J2124+1407,0.694053479,7.6801e-16,2.09
J2124-3358,0.00493111494,2.0571e-20,0.41
J2127-6648,0.325771287,2.2600e-16,2.75
J2129+1210B,0.0561330355,9.5406e-18,12.90
J2129+1210C,0.0305292961,4.9879e-18,12.90
J2129+1210E,0.00465143522,1.7800e-19,12.90
J2129+1210F,0.00402704271,3.2000e-20,12.90
J2129+1210G,0.037660167,2.0000e-18,12.90
J2129+1210H,0.00674339424,2.4000e-20,12.90
J2129-5721,0.00372634848,2.0853e-20,3.20
J2136-1606,1.2272354,1.6000e-17,1.27
J2139+2242,1.08351351,1.4210e-15,4.71
J2139+4716,0.282849345,1.7857e-15,
J2143+0654,9.42822888,4.1000e-14,
J2144-3933,8.50982749,4.9600e-16,0.16
J2145-0750,0.0160524239,2.9788e-20,0.53
J2149+6329,0.380140345,1.6810e-16,13.65
J2150+5247,0.332205672,1.0106e-14,5.67
J2151+2315,0.593533613,7.0800e-16,1.42
J2155+2813,1.60902,9.1640e-16,5.06
J2155-3118,1.03000211,1.2409e-15,0.97
J2155-5641,1.37365439,4.2300e-15,0.86
J2156+2618,0.498149073,1.4200e-17,4.71
J2157+4017,1.52526563,3.4326e-15,2.90
J2205+1444,0.938014228,9.0000e-16,3.33
J2206+6151,0.32267355,3.9700e-16,13.81
J2208+5500,0.933161075,6.9878e-15,3.55
J2212+2933,1.00459253,4.9517e-16,4.76
J2214+3000,0.00311922658,1.4000e-20,1.00
J2215+1538,0.374195893,2.3672e-15,3.12
J2215+5135,0.00260961972,3.3400e-20,3.26
J2216+5759,0.419102265,6.9048e-14,7.82
J2217+5733,1.05684422,6.5100e-16,6.82
J2219+4754,0.538468822,2.7652e-15,2.61
J2222-0137,0.0328178591,5.8650e-20,0.27
J2222+2923,0.281399143,6.1700e-18,4.46
J2225+6535,0.682542497,9.6606e-15,2.00
J2229+2643,0.00297781929,1.4600e-21,1.43
J2229+6114,0.0516235739,7.8270e-14,3.00
J2229+6205,0.443054561,2.2553e-15,5.70
J2234+2114,1.35874531,2.2200e-16,3.38
J2235+1506,0.059767358,1.5760e-19,1.15
J2236-5527,0.00690754939,9.6000e-21,2.03
J2238+5903,0.162733853,9.7034e-14,
J2240+5832,0.1399345,1.5358e-14,14.85
J2241-5236,0.00218669977,6.6400e-21,0.68
J2242+6950,1.66450079,4.8238e-15,2.30
J2243+1518,0.596799464,1.1250e-16,2.90
J2248-0101,0.477233119,6.5935e-16,2.28
J2253+1516,0.79223592,6.6500e-17,2.81
J2257+5909,0.368246454,5.7529e-15,3.00
J2301+5852,6.97907097,4.7123e-13,3.30
J2302+4442,0.00519232465,1.3300e-20,0.75
J2302+6028,1.20640429,2.0400e-15,6.80
J2305+3100,1.57588634,2.8925e-15,2.61
J2305+4707,1.06637107,5.6909e-16,4.35
J2307+2225,0.535828895,8.7000e-18,0.38
J2308+5547,0.475067675,1.9949e-16,2.42
J2313+4253,0.349433682,1.1237e-16,1.06
J2317+1439,0.00344525107,2.4200e-21,1.89
J2317+2149,1.4446531,1.0470e-15,1.45
J2319+6411,0.216018279,1.6320e-16,25.66
J2321+6024,2.25648843,7.0369e-15,2.70
J2322+2057,0.00480842821,9.7000e-21,0.78
J2324-6054,2.34748605,2.5860e-15,0.90
J2325-0530,0.868735115,1.0287e-15,1.07
J2325+6316,1.43630954,2.8255e-15,10.86
J2326+6113,0.233651969,3.5256e-16,4.82
J2330-2005,1.64362219,4.6304e-15,0.47
J2333+6145,0.756899382,1.1761e-15,5.01
J2337+6151,0.495369868,1.9345e-13,0.70
J2339-0533,0.00288422674,1.4102e-20,1.10
J2346-0609,1.18146338,1.3630e-15,1.96
J2354+6155,0.944783887,1.6263e-14,3.31
