supernova,z_CMB,modulo_distancia_mu,erro_mu
2013cs,0.01029,32.3353,0.4014
2002dj,0.01051,32.9010,0.3095
2002dj,0.01051,32.8654,0.3345
2013E,0.01042,32.7794,0.3485
1997do,0.01048,33.1081,0.3647
ASASSN-16jf,0.01040,33.5709,0.3149
iPTF13ebh,0.01238,33.7337,0.3425
iPTF13ebh,0.01238,33.6369,0.2952
2010ko,0.01096,33.8347,0.3539
2013ex,0.01096,33.4336,0.2834
2013ex,0.01096,33.4947,0.3252
2009ab,0.01189,33.5833,0.2812
2011ao,0.01168,33.4974,0.3015
2001cz,0.01275,33.8783,0.3464
2009kk,0.01244,33.7023,0.2667
2010Y,0.01142,33.7403,0.2541
2008R,0.01260,33.8286,0.2651
2002ha,0.01220,33.7080,0.2408
2002ha,0.01220,33.7246,0.2501
2009kq,0.01247,33.5874,0.2601
2009kq,0.01247,33.5178,0.2662
2001bt,0.01407,33.7492,0.4167
2001ep,0.01306,33.6365,0.2874
2001ep,0.01306,33.5028,0.3311
2013gy,0.01309,33.7355,0.2398
2013gy,0.01309,33.7607,0.2872
AT2017cfd,0.01222,33.5752,0.2926
2017cfd,0.01222,33.5673,0.2848
2007hj,0.01288,33.9682,0.3037
2007hj,0.01288,33.9846,0.2994
2007hj,0.01288,33.9247,0.3046
2008hv,0.01360,33.7970,0.2779
2008hv,0.01360,33.7683,0.2328
2008hv,0.01360,33.7720,0.2358
1997E,0.01314,33.7649,0.2888
2007cv,0.01361,33.6741,0.3454
1992al,0.01434,33.6968,0.2335
1999dk,0.01400,33.8053,0.2888
1999dk,0.01400,33.6651,0.2962
ASASSN-16dn,0.01406,33.8206,0.2509
ASASSN-16la,0.01424,33.8444,0.2655
2005kc,0.01386,34.0187,0.3072
2005kc,0.01386,34.0249,0.3523
2007ca,0.01509,34.3366,0.3707
2007ca,0.01509,34.1781,0.3969
2007ca,0.01509,34.2520,0.3972
2006N,0.01416,33.9078,0.2405
2006td,0.01504,34.1727,0.3650
2013gq,0.01457,33.7526,0.2163
2004eo,0.01420,33.8826,0.2493
2003gt,0.01422,33.9253,0.2439
2005bo,0.01503,33.7553,0.3905
2005bo,0.01503,33.7189,0.3928
2001fe,0.01448,33.8916,0.2407
2013fa,0.01429,33.7894,0.3974
2000dm,0.01472,34.0109,0.2702
PSNJ2043531,0.01449,34.1902,0.3727
2011df,0.01402,33.8524,0.2776
2005el,0.01483,33.9740,0.2296
2005el,0.01483,33.9261,0.2317
2001cn,0.01509,33.8877,0.2950
2005de,0.01495,34.1793,0.2668
SN2017jl,0.01529,33.7706,0.3022
ASASSN-16ad,0.01522,34.0334,0.3443
ATLAS16cxr,0.01518,34.3426,0.3729
iPTF16auf,0.01566,34.0744,0.3149
2008bc,0.01572,34.0331,0.2265
2011im,0.01493,34.2732,0.3404
1999ej,0.01534,34.2581,0.2725
1999ej,0.01534,34.2112,0.2581
2001en,0.01534,33.9994,0.2863
2001en,0.01534,33.8852,0.3139
2001V,0.01592,33.7902,0.2906
2001V,0.01592,33.8072,0.2904
2008ec,0.01506,34.1732,0.2644
2008ec,0.01506,34.1302,0.3343
2008eo,0.01539,34.3317,0.2787
2009nq,0.01527,34.1657,0.2869
2005al,0.01629,33.9986,0.2199
2013hn,0.01629,34.0697,0.2904
2001bf,0.01556,33.9926,0.2393
2001bf,0.01556,33.9004,0.2190
ASASSN-15oh,0.01579,34.3916,0.2703
1994S,0.01619,34.0287,0.2248
1999aa,0.01579,34.1663,0.2429
1999aa,0.01579,34.1323,0.2095
2002cs,0.01538,34.0329,0.2725
iPTF14bdn,0.01636,34.1062,0.2816
2007ss,0.01619,34.4137,0.3464
2010kg,0.01595,33.9999,0.3347
2013fw,0.01570,34.1608,0.2181
2013Q,0.01612,33.9726,0.4153
iPTF13dge,0.01581,34.2793,0.2619
2007fs,0.01633,34.3408,0.1980
SN2016gfr,0.01630,33.8985,0.2454
ASASSN-16ip,0.01632,34.1679,0.2465
PSNJ0107203,0.01601,33.9673,0.2844
1998ef,0.01610,33.8410,0.2893
1998ef,0.01610,33.8975,0.2646
ASASSN-15ti,0.01671,34.4894,0.3103
ASASSN-15od,0.01678,34.3409,0.2284
1996bv,0.01673,34.0755,0.2978
1997Y,0.01661,34.1973,0.2145
2001da,0.01658,34.0220,0.3090
2001da,0.01658,34.2003,0.3253
ASASSN-15kx,0.01697,34.6084,0.2198
2000dk,0.01649,34.1436,0.2827
2000dk,0.01649,34.1517,0.2571
2007fb,0.01680,34.4009,0.2217
2007fb,0.01680,34.5101,0.2312
2006ef,0.01694,34.3610,0.2203
2008C,0.01709,34.3100,0.2636
2008C,0.01709,34.2669,0.2624
2004fz,0.01646,33.7799,0.3306
2006ax,0.01774,34.3228,0.2002
2006ax,0.01774,34.3133,0.1978
1998V,0.01718,34.1465,0.2314
2013gs,0.01748,34.2221,0.3204
2008L,0.01734,34.3364,0.2101
2008L,0.01734,34.2464,0.2134
2009le,0.01739,34.2939,0.2466
2009le,0.01739,34.2418,0.2229
2000dr,0.01765,34.2975,0.3189
2007as,0.01791,34.2661,0.2342
1992bo,0.01805,34.6078,0.2015
2010ai,0.01918,34.9792,0.2185
ASASSN-17co,0.01791,34.2005,0.2806
PS15coh,0.01796,34.4393,0.2269
2009gf,0.01925,34.4920,0.2554
2009gf,0.01925,34.5760,0.2962
2016ffh,0.01851,34.6171,0.2390
ATLAS16cpu,0.01851,34.5716,0.2400
2000cu,0.01902,34.6066,0.2775
2011fs,0.01822,34.5466,0.2155
2011fs,0.01822,34.4866,0.3210
ASASSN-16cs,0.01839,34.4286,0.2814
2006kf,0.01955,34.7747,0.1954
2006kf,0.01955,34.8085,0.1955
2008hs,0.01835,34.7570,0.4666
2008hs,0.01835,34.7394,0.4335
2007au,0.01992,34.6865,0.4062
2016W,0.01855,34.3648,0.2957
2002kf,0.01948,34.6854,0.2043
1992bc,0.01976,34.5121,0.1995
2009ds,0.02033,34.5072,0.2339
2009ds,0.02033,34.7020,0.1925
2006ej,0.01926,34.5995,0.1883
2006ej,0.01926,34.5012,0.2956
2006ej,0.01926,34.5760,0.1899
2006ej,0.01926,34.6482,0.1878
2002jy,0.01870,34.9988,0.1877
2016hpw,0.02019,34.8165,0.2418
ATLAS16dqf,0.02019,34.5749,0.3758
2005ki,0.02066,34.5709,0.1877
2005ki,0.02066,34.5656,0.1777
2005ki,0.02066,34.4931,0.1908
ASASSN-15lg,0.02121,34.6552,0.2146
2001dl,0.01983,35.1263,0.3758
PSNJ1602512,0.02039,34.5560,0.3339
2007st,0.02061,34.4168,0.2172
ASASSN-17bs,0.02014,34.5647,0.2495
2010A,0.02079,34.4863,0.3304
2003W,0.02087,34.6740,0.2309
2003W,0.02087,34.6349,0.2545
2001br,0.02046,34.8118,0.3002
ASASSN-16lc,0.02001,34.6956,0.2165
AT2016eoa,0.01993,34.6693,0.2307
ASASSN-16lg,0.02093,34.3750,0.2031
2004bw,0.02207,34.8194,0.1964
2008Z,0.02146,35.1180,0.3107
2008Z,0.02146,35.2056,0.3041
2007bc,0.02187,34.7561,0.1806
2007bc,0.02187,34.7344,0.1772
2007bc,0.02187,34.7419,0.1878
SN2016ajf,0.01978,34.7627,0.3400
2009dc,0.02179,34.3468,0.1990
2018fop,0.02017,34.5899,0.1992
ASASSN-15uv,0.02104,34.6114,0.3933
ASASSN-18da,0.02157,34.7709,0.1959
2006et,0.02140,34.7583,0.2834
2006et,0.02140,34.7742,0.2536
1999dg,0.02263,34.8589,0.2464
2001cp,0.02245,34.9654,0.2170
1995ak,0.02193,34.6739,0.2478
2009na,0.02209,34.7477,0.1991
ASASSN-18iu,0.02202,34.8847,0.1860
ATLAS16dpb,0.02238,35.0481,0.2886
SNF20080514-002,0.02292,35.0136,0.2162
2006dm,0.02161,34.8059,0.1802
2006dm,0.02161,34.8234,0.2581
2008ia,0.02257,34.9245,0.1698
2004bg,0.02214,34.7727,0.1990
2004bg,0.02214,34.8704,0.2045
2002cu,0.02217,34.7814,0.2247
2006cp,0.02334,34.7714,0.3027
2006cp,0.02334,34.8603,0.2431
2000fa,0.02181,34.7590,0.2887
2000fa,0.02181,34.7997,0.2553
ASASSN-16bn,0.02253,35.0392,0.2145
ASASSN-17aj,0.02253,34.7306,0.2431
AT2017cfb,0.02382,34.8438,0.2205
2006bq,0.02226,34.8693,0.2033
2002ef,0.02224,34.6849,0.3583
2010cr,0.02368,35.2685,0.3049
ASASSN-15il,0.02374,34.8584,0.2013
2000cn,0.02260,34.9992,0.2674
2000cn,0.02260,34.9712,0.2373
2017hoq,0.02350,34.9850,0.1907
2009jb,0.02324,34.7666,0.3403
2014ai,0.02317,35.0225,0.2712
ASASSN-14fa,0.02262,34.8830,0.2750
2004at,0.02287,34.9168,0.1785
PS15cku,0.02222,35.0537,0.2297
2007ci,0.02295,34.6478,0.2670
2007ci,0.02295,34.4301,0.2794
2009al,0.02328,34.9851,0.2826
2009al,0.02328,35.0081,0.2217
2009al,0.02328,34.9783,0.2254
2009cz,0.02315,34.8582,0.2603
2009cz,0.02315,34.8582,0.1706
ASASSN-15nr,0.02309,34.8331,0.2638
2004bk,0.02405,34.8391,0.2159
2018enc,0.02450,34.9998,0.2177
2007qe,0.02280,35.0406,0.2066
2007qe,0.02280,34.9509,0.2591
ATLAS17bas,0.02331,34.5715,0.2617
ASASSN-15tz,0.02220,34.9543,0.2740
2010ao,0.02422,34.9430,0.2098
2006sr,0.02307,34.9949,0.1808
ASASSN-15jt,0.02396,34.8890,0.4037
ASASSN-16em,0.02296,34.9940,0.2774
2000ca,0.02454,34.8993,0.1903
1998eg,0.02358,35.1018,0.1950
PS1-14xw,0.02436,35.1049,0.3103
2010gp,0.02436,34.4711,0.3985
2000bh,0.02421,34.8782,0.2241
2007F,0.02420,34.9421,0.2083
2007F,0.02420,35.0840,0.1836
1993H,0.02450,35.1803,0.2323
AT2016bln,0.02425,35.0771,0.1954
2006ac,0.02395,34.9871,0.1841
2006ac,0.02395,34.9530,0.1981
ASASSN-15sf,0.02349,35.2317,0.2352
2005bg,0.02414,35.0102,0.2019
2009D,0.02476,35.0080,0.1620
2009D,0.02476,35.0746,0.2100
2009D,0.02476,34.9493,0.1709
PS16ccn,0.02395,35.1784,0.1891
2008bf,0.02451,35.1061,0.2356
2008bf,0.02451,35.0521,0.2313
2008bf,0.02451,34.8898,0.2340
1994M,0.02426,34.9528,0.2138
2004br,0.02426,34.8070,0.1825
ASASSN-16hz,0.02406,34.8112,0.3176
2003he,0.02404,35.0862,0.2405
2001cj,0.02491,35.1973,0.2285
Gaia16agf,0.02553,35.2152,0.2685
2007cq,0.02481,34.8369,0.2880
2007cq,0.02481,34.8482,0.1819
2003it,0.02413,35.0790,0.2060
2007cq,0.02481,35.0090,0.1769
AT2017cfc,0.02499,35.0276,0.1902
2011dn,0.02443,34.4583,0.3333
2007sw,0.02500,34.9117,0.3065
2012bh,0.02500,35.1989,0.2383
370356,0.02500,35.2277,0.2044
2002he,0.02469,35.1139,0.1553
2002he,0.02469,35.1145,0.1748
2018jjd,0.02547,34.9842,0.1853
2002bf,0.02494,34.9441,0.2407
2002bf,0.02494,34.9063,0.2691
ASASSN-16bq,0.02582,35.1882,0.1767
PS15ahs,0.02522,35.1974,0.1859
PSNJ0153424,0.02474,35.1828,0.2337
SN2017hn,0.02492,35.0621,0.1902
1992ag,0.02592,34.7664,0.3447
SN2017ms,0.02538,35.1181,0.2002
PSNJ2352371,0.02525,35.4014,0.2005
2005M,0.02584,35.2931,0.1795
2005M,0.02584,35.1081,0.1982
2005M,0.02584,34.8350,0.3483
SN2017mf,0.02618,35.3111,0.1787
2005mc,0.02597,35.2855,0.2889
2005mc,0.02597,35.3429,0.3232
ASASSN-15uu,0.02579,35.0223,0.3723
2005ms,0.02595,35.3080,0.1796
1999gp,0.02603,35.2688,0.1834
1999gp,0.02603,35.2892,0.2059
ASASSN-15mf,0.02691,35.1184,0.1814
ASASSN-17at,0.02643,35.2513,0.1868
SNF20071021-000,0.02640,35.3224,0.2161
2013fn,0.02724,35.2892,0.2989
2002eb,0.02633,35.2673,0.1724
2007co,0.02655,35.3437,0.2308
2007co,0.02655,35.1118,0.3466
2007co,0.02655,35.2270,0.2616
1992P,0.02643,35.3130,0.2201
2007su,0.02660,35.3042,0.3529
ASASSN-15fa,0.02721,35.5236,0.2253
2005na,0.02717,35.1130,0.1727
2005na,0.02717,35.1538,0.1869
2005na,0.02717,35.1117,0.1703
ASASSN-16av,0.02676,35.3467,0.2899
2006gj,0.02770,35.7258,0.3217
2010ii,0.02704,35.1306,0.1848
2006ev,0.02759,35.6739,0.2164
PSNJ0252467,0.02748,35.3613,0.1906
2009aa,0.02827,35.3174,0.1734
2011hb,0.02775,35.2874,0.2929
2005eq,0.02831,35.5061,0.1631
2005eq,0.02831,35.5563,0.1602
2005eq,0.02831,35.5580,0.1610
2003U,0.02794,35.2665,0.1775
2009ad,0.02834,35.3720,0.1603
2009ad,0.02834,35.3421,0.1565
2002el,0.02778,35.1049,0.1817
2008ar,0.02732,35.4368,0.1803
2008ar,0.02732,35.2913,0.1782
2008ar,0.02732,35.3590,0.1802
AT2017ns,0.02802,35.1963,0.3666
2004gs,0.02829,35.5996,0.2350
SN2017ckx,0.02779,35.6596,0.2514
2007is,0.02953,35.3449,0.2114
2013bs,0.02859,35.4105,0.2019
1998ab,0.02806,34.9487,0.2277
1993ah,0.02828,35.2763,0.6551
2006qo,0.02871,35.4779,0.2754
ASASSN-15la,0.02845,35.0558,0.2187
1996C,0.02875,35.5152,0.2508
PS16cvc,0.02844,35.6948,0.1833
ASASSN-15fs,0.02850,35.2391,0.1858
2003ch,0.02895,35.6024,0.1700
ASASSN-16ay,0.02895,35.6222,0.3000
PSNJ0859349,0.02874,35.4720,0.2258
ASASSN-16fs,0.02990,35.2761,0.1809
LSQ12gdj,0.02886,35.0939,0.2727
2000cw,0.02896,35.6079,0.2242
2002de,0.03050,35.3638,0.2837
ASASSN-16aj,0.03053,35.4654,0.1779
ASASSN-16br,0.02900,35.5064,0.1909
AT2017zd,0.03048,35.2781,0.1941
ASASSN-16hh,0.02935,35.5015,0.1904
ATLAS17ajn,0.02988,35.5116,0.1908
Gaia16bba,0.02934,35.4354,0.1853
1997dg,0.02962,35.8610,0.1925
2004ef,0.02978,35.5195,0.1961
2004ef,0.02978,35.4838,0.1993
2004ef,0.02978,35.4761,0.2335
ASASSN-15nq,0.03025,35.5185,0.1660
AT2017lm,0.03002,35.5542,0.2163
ASASSN-16fo,0.02994,35.4803,0.1738
ASASSN-16es,0.02973,35.5345,0.2582
AT2016cyt,0.02965,35.3586,0.1645
2013fy,0.03099,35.3522,0.3432
ASASSN-15uw,0.03004,35.6084,0.2127
ASASSN-16hr,0.02980,35.4648,0.2787
PS15cwx,0.03007,35.4164,0.1848
1990O,0.03093,35.4926,0.1665
2001ba,0.03136,35.6481,0.2067
2009eu,0.03072,35.9224,0.3993
2009fv,0.03072,35.4060,0.3321
2009fv,0.03072,35.3374,0.3753
SNF20080909-030,0.03013,35.5650,0.1837
2008gg,0.03107,35.6700,0.2368
2008gg,0.03107,35.5409,0.1849
1999cc,0.03132,35.5877,0.1691
AT2017wb,0.03093,35.5304,0.2836
MASTEROTJ08,0.03156,35.6675,0.1745
2007bd,0.03141,35.4957,0.1760
2007bd,0.03141,35.5793,0.1487
2007bd,0.03141,35.4841,0.1538
2006bt,0.03241,35.7720,0.2242
2006bt,0.03241,35.7428,0.2268
2006bt,0.03241,35.7867,0.2167
2006bw,0.03075,35.6231,0.3209
ASASSN-15hg,0.03107,35.6461,0.1962
ATLAS17axb,0.03264,35.5602,0.1856
2010gn,0.03123,35.9119,0.2739
CSS160428,0.03081,35.7017,0.1643
2000dn,0.03081,35.7070,0.2206
2006en,0.03081,35.6474,0.1942
2006en,0.03081,35.6847,0.1881
2008bq,0.03279,35.7279,0.1781
ASASSN-16oz,0.03207,35.4592,0.2761
2006az,0.03158,35.4896,0.1487
010026,0.03174,35.6746,0.2021
AT2017po,0.03201,35.5760,0.1968
2007ai,0.03212,35.8562,0.2588
2007ai,0.03212,35.8577,0.2946
2007ux,0.03183,35.8808,0.1900
2007ux,0.03183,35.6656,0.2745
ASASSN-15pr,0.03189,35.9082,0.1982
2008gl,0.03246,35.6638,0.1560
2008gl,0.03246,35.6366,0.1699
2008gl,0.03246,35.6431,0.1484
SN2016hpx,0.03370,35.6329,0.2040
SN2017cii,0.03337,35.8381,0.1787
2006te,0.03212,35.7248,0.1535
2006os,0.03212,35.7992,0.3260
2004as,0.03250,35.7324,0.2202
2004as,0.03250,35.8907,0.2257
ASASSN-16bc,0.03314,35.6164,0.1680
2008gp,0.03245,35.6643,0.1509
2008gp,0.03245,35.7268,0.1626
2010ag,0.03336,35.8159,0.1990
2005iq,0.03292,35.8647,0.1510
2005iq,0.03292,35.8516,0.1436
PS15bsq,0.03309,35.7797,0.1597
2004L,0.03344,35.8290,0.2737
2003gn,0.03316,36.0229,0.2430
2003cq,0.03323,35.8276,0.2591
2006S,0.03310,35.9089,0.1772
2011dl,0.03432,35.7587,0.3130
2006gr,0.03352,35.9188,0.2074
2006gr,0.03352,35.9378,0.2113
ASASSN-16dw,0.03565,35.7837,0.2171
2007ba,0.03533,35.8250,0.3406
ATLAS17ajs,0.03370,35.9757,0.3581
1996bl,0.03481,35.7348,0.1557
2003kc,0.03410,35.8566,0.2058
2003iv,0.03351,35.9118,0.1656
ASASSN-15jl,0.03492,35.8816,0.1693
1992bg,0.03574,35.8937,0.2117
2005eu,0.03369,35.8012,0.4833
2005eu,0.03369,35.8038,0.4821
2008at,0.03497,35.8349,0.3342
ASASSN-15tg,0.03445,35.8610,0.1686
2007hu,0.03518,35.9905,0.3748
PTSS-16efw,0.03542,36.2340,0.1885
2016fbk,0.03495,35.9591,0.2252
AT2016fbk,0.03495,36.1545,0.2303
1994T,0.03564,35.9325,0.2042
ASASSN-15mi,0.03501,35.5515,0.2043
ASASSN-15ss,0.03592,35.9909,0.1872
2001ck,0.03544,35.8586,0.2235
PS15bbn,0.03602,36.1845,0.1872
ASASSN-15lu,0.03577,36.0035,0.1853
2008hj,0.03643,35.9282,0.1566
2008hj,0.03643,35.8836,0.1851
2000dg,0.03725,36.0748,0.2893
2002G,0.03631,35.8056,0.3082
2002G,0.03631,35.9287,0.3185
2006mo,0.03616,36.0695,0.1750
2008ei,0.03654,36.0800,0.3368
2002hu,0.03591,35.9637,0.1666
2000cf,0.03646,36.0475,0.1663
2001eh,0.03627,36.0067,0.1352
2001eh,0.03627,35.9927,0.1492
ASASSN-16db,0.03589,35.8698,0.1897
AT2016hns,0.03704,35.9789,0.1637
ASASSN-15bc,0.03639,35.9490,0.2626
2007jg,0.03652,36.3333,0.1712
2007jg,0.03652,36.2185,0.1713
AT2016cvw,0.03761,36.0063,0.2067
2002eu,0.03672,36.0624,0.1630
2008gb,0.03641,36.0889,0.1989
2007O,0.03732,35.8938,0.1517
2007O,0.03732,35.8617,0.1527
2008fr,0.03790,36.1141,0.2362
SN2017ciy,0.03762,36.5177,0.2458
2008O,0.03940,36.2254,0.3112
2009bv,0.03748,36.2564,0.1500
2008051,0.03835,36.0125,0.1704
ASASSN-15np,0.03832,36.0260,0.2195
2010dw,0.03871,36.0125,0.2047
ASASSN-15pn,0.03800,36.1962,0.2208
1999aw,0.03928,36.2125,0.1835
2008dr,0.03996,36.2840,0.1479
PS15cze,0.03891,36.5486,0.2346
2003fa,0.04015,36.0167,0.1435
2003fa,0.04015,36.0818,0.1450
SN2016glz,0.03975,35.9918,0.2105
PS16axi,0.04056,36.1263,0.1688
SN2017coa,0.04045,36.4104,0.3072
2009do,0.04027,36.0403,0.1472
2001az,0.04059,36.3153,0.1508
2007jh,0.04023,36.5601,0.2801
1992bl,0.04280,36.2101,0.2080
2014bj,0.04239,36.5106,0.4265
2006cf,0.04223,36.2931,0.1510
2006cz,0.04251,35.9138,0.2945
2007kk,0.04130,36.2521,0.1755
2007kk,0.04130,36.2071,0.1665
AT2016htm,0.04265,36.2018,0.1625
ASASSN-16ct,0.04252,36.2457,0.2071
SN2016ayg,0.04328,36.4165,0.1661
2007nq,0.04275,36.2137,0.1522
2007nq,0.04275,36.2882,0.1666
MASTERJ0134,0.04391,36.2594,0.1778
ASASSN-15mg,0.04307,36.3298,0.1812
AT2016cvv,0.04404,36.5469,0.2312
2005ku,0.04397,36.2916,0.2491
1992bh,0.04510,36.5510,0.2705
2006gt,0.04366,36.5114,0.2863
2006hx,0.04429,36.4565,0.1623
PS16cqa,0.04433,36.6866,0.3049
PSNJ1204051,0.04502,36.4541,0.1963
2005hc,0.04496,36.4634,0.1735
2005hc,0.04496,36.5139,0.1519
SN2016esh,0.04488,36.1579,0.1828
PS17tn,0.04549,36.3811,0.1960
2008050,0.04627,36.2636,0.2181
AT2016ews,0.04612,36.5394,0.1592
2005lz,0.04541,36.3247,0.1950
360156,0.04673,36.5081,0.2096
2004gu,0.04670,36.4713,0.1941
2008cf,0.04692,36.4786,0.1482
2008cf,0.04692,36.4857,0.1829
AT2017yk,0.04764,36.7582,0.2807
2016afk,0.04677,36.5642,0.2291
PS16fa,0.04734,36.6009,0.1617
PS15aii,0.04768,36.5946,0.1454
PS17akj,0.04780,36.5627,0.2088
ATLAS16agv,0.04777,36.4976,0.1659
ASASSN-15pm,0.04777,36.3735,0.1547
1995ac,0.04867,36.3303,0.1358
AT2016gmg,0.04839,36.6410,0.1815
1990af,0.05018,36.5997,0.2027
PS16el,0.04896,36.4691,0.1770
2006cq,0.04928,36.5828,0.1681
1993ag,0.05019,36.6402,0.2444
PS15asb,0.04952,36.4714,0.1855
1998dx,0.04980,36.5693,0.1558
PS16dnp,0.04998,36.8583,0.1632
2007kh,0.04944,36.5403,0.4534
ASASSN-17eb,0.04970,36.4621,0.2019
PS15brr,0.05063,36.5461,0.1910
2008hu,0.05071,36.7036,0.1334
AT2016cor,0.04995,36.8523,0.3026
PS16fbb,0.05139,36.8804,0.1684
2003ic,0.05196,36.3930,0.2014
ASASSN-16hc,0.05165,36.5862,0.1568
1993O,0.05148,36.7759,0.2282
2006ot,0.05232,36.8679,0.2083
2006ot,0.05232,36.5433,0.2988
AT2016htn,0.05229,36.8411,0.2182
PS16evk,0.05320,36.9144,0.2075
PS16n,0.05268,36.7752,0.1618
2010dt,0.05291,36.8474,0.1722
2006lu,0.05449,36.8631,0.1338
PS16bby,0.05430,36.8327,0.1789
PS16ayd,0.05485,36.8581,0.1496
SN2017cpu,0.05529,36.6433,0.1754
490007,0.05513,36.8676,0.1944
AT2017oz,0.05641,36.8109,0.1932
2006py,0.05658,36.9098,0.1851
PS16aer,0.05668,37.0393,0.1763
2005hj,0.05631,36.9903,0.1715
2008eq,0.05680,37.0687,0.2213
2006ob,0.05760,36.9821,0.1381
2006ob,0.05760,36.9324,0.1467
SN2016gmb,0.05708,36.9545,0.1828
2001ah,0.05837,36.9802,0.2156
2001ah,0.05837,37.1460,0.2528
LSQ13crf,0.05934,36.3001,0.6175
SN2017cjv,0.06079,37.0320,0.1776
2008bz,0.06130,37.1631,0.1239
2008bz,0.06130,37.1925,0.1606
SN2016hhv,0.06067,37.1383,0.1980
2008go,0.06116,36.9608,0.1961
2008go,0.06116,36.9691,0.1420
2006oa,0.06142,37.0747,0.1833
1992bs,0.06370,37.3517,0.2065
SN2016aqb,0.06419,37.0197,0.1559
PS16bnz,0.06398,37.0786,0.1544
2007ae,0.06485,37.0851,0.1530
PS15cms,0.06603,37.3617,0.2033
6057,0.06652,37.1627,0.2962
SN2016ixf,0.06723,37.4237,0.1944
AT2016aj,0.06731,37.2344,0.2030
PS15bjg,0.06758,37.4935,0.1905
CSS160129,0.06841,37.2381,0.1912
2006al,0.06908,37.4213,0.1593
PTSS17-niq,0.06910,37.2817,0.1741
1993B,0.07076,37.2944,0.2777
2008Y,0.07028,37.2961,0.2269
2008Y,0.07028,37.2775,0.2123
PS17yt,0.07046,37.4787,0.1762
PS16em,0.07113,37.4814,0.4471
2006on,0.07068,37.4543,0.2478
470043,0.07061,37.7291,0.5018
ATLAS16bwu,0.07074,37.3712,0.2283
PS15bdr,0.07094,37.3552,0.1960
PS15bwh,0.07149,37.2494,0.1611
370566,0.07134,37.4155,0.2090
PS15mt,0.07193,37.5618,0.1808
2007jd,0.07196,37.6319,0.1997
PS15atx,0.07301,37.6225,0.3048
Gaia16aki,0.07398,37.5535,0.1765
1992ae,0.07478,37.4346,0.2221
PS17bii,0.07467,37.4501,0.1921
7876,0.07490,37.4763,0.1798
2005ir,0.07490,37.5656,0.1550
2010hs,0.07514,37.8142,0.2891
AT2016gsu,0.07529,37.5461,0.2172
370333,0.07557,37.6342,0.1983
PS15bif,0.07855,37.5715,0.1504
Gaia16acv,0.07833,37.8315,0.1461
17186,0.07849,38.0154,0.2393
2007hx,0.07849,38.0942,0.1801
560033,0.07869,37.5988,0.5033
12779,0.07891,37.7843,0.2382
PS15bzz,0.07901,37.5300,0.1472
350316,0.07966,37.6003,0.1578
2005ag,0.08024,37.6668,0.1193
12950,0.08141,37.7215,0.2196
130308,0.08221,37.8192,0.2176
12898,0.08255,37.6774,0.2656
12781,0.08282,37.9939,0.1951
SN2016glp,0.08366,37.9686,0.2216
3592,0.08544,37.8406,0.1286
SN2016grz,0.08656,37.8484,0.2168
1241,0.08848,37.7772,0.2532
590194,0.09015,37.9202,0.2170
370066,0.09066,38.0269,0.1676
300105,0.09181,38.1602,0.2663
iPTF17dz,0.09284,38.2226,0.4933
010010,0.09968,38.4377,0.1947
160099,0.10142,38.2982,0.1656
000190,0.10237,38.4085,0.1874
140181,0.10231,38.2511,0.1996
100405,0.10298,38.1815,0.1862
13135,0.10338,38.3338,0.1264
20064,0.10351,38.2079,0.1965
13038,0.10485,38.4295,0.2362
18697,0.10638,38.2611,0.1955
20625,0.10684,38.4624,0.1511
3256,0.10694,38.4295,0.2105
120225,0.10728,38.7801,0.4685
21034,0.10751,38.4984,0.1801
500038,0.10810,38.4017,0.1871
7147,0.10886,38.4016,0.1332
020027,0.10988,38.5701,0.1797
18650,0.11243,38.6214,0.1632
18612,0.11365,38.3876,0.1949
8719,0.11628,38.5408,0.1599
5395,0.11635,38.6302,0.1857
2561,0.11741,38.5727,0.2396
16259,0.11771,38.6088,0.2144
1371,0.11797,38.4157,0.1271
000137,0.11878,38.5629,0.2124
5549,0.11992,38.5958,0.2002
12860,0.12042,38.7926,0.2523
490008,0.12067,38.6348,0.3026
19953,0.12190,38.5945,0.1579
390259,0.12208,38.6119,0.2311
18835,0.12262,38.6853,0.1446
2916,0.12303,38.5967,0.2746
16021,0.12336,38.6164,0.1622
13894,0.12356,38.8009,0.3334
570062,0.12363,38.8242,0.1503
6406,0.12377,38.6504,0.1458
19543,0.12384,38.8350,0.2215
13044,0.12455,38.7616,0.1259
15459,0.12542,39.1417,0.2989
2992,0.12608,38.4956,0.2933
16069,0.12688,38.8125,0.2597
744,0.12694,38.6849,0.2809
14871,0.12705,38.7429,0.1595
18855,0.12716,38.7841,0.1769
22075,0.12900,38.7547,0.1510
1032,0.12904,38.8403,0.2128
5751,0.12929,38.8330,0.2504
18415,0.12940,38.8429,0.1427
18809,0.13153,38.8020,0.1346
151034,0.13269,38.7841,0.1222
1334084,0.13349,38.8266,0.2837
15508,0.13353,38.8434,0.1577
14108,0.13463,39.2366,0.1994
15234,0.13514,39.0775,0.3133
000014,0.13599,38.9771,0.2066
17629,0.13640,38.8475,0.1956
19775,0.13687,39.0095,0.2243
18602,0.13696,38.9616,0.2591
21062,0.13729,39.3511,0.2304
17366,0.13811,38.8857,0.1285
15171,0.13818,38.9503,0.1597
190340,0.13824,39.0229,0.1242
20084,0.13834,39.0401,0.3191
12928,0.13868,38.9999,0.1760
190230,0.13864,39.0467,0.1307
090275,0.13959,39.0213,0.1458
1794,0.14070,39.1775,0.1840
17208,0.14084,39.2835,0.2035
340229,0.14108,39.0407,0.2124
1317666,0.14120,39.1237,0.2609
2635,0.14311,39.0470,0.1606
17568,0.14335,39.5154,0.3706
190260,0.14344,39.1135,0.1295
17497,0.14388,39.0756,0.1706
8921,0.14410,39.0160,0.2410
17605,0.14533,39.1518,0.2102
1296657,0.14624,39.1857,0.2074
440008,0.14656,39.1580,0.1876
1316385,0.14741,39.0154,0.1975
13796,0.14729,38.9672,0.1718
14024,0.14759,39.1340,0.1888
180166,0.14757,39.1610,0.1702
1293758,0.14812,39.2285,0.1850
14437,0.14792,39.0382,0.1579
1255502,0.14819,39.0239,0.1427
13736,0.14882,39.1606,0.1749
2308,0.14923,39.1104,0.1752
000038,0.15036,39.1058,0.1700
460003,0.15067,39.1687,0.1341
2031,0.15186,39.0477,0.1588
18323,0.15272,39.3239,0.1732
15132,0.15304,39.2175,0.1278
18740,0.15317,39.0991,0.1599
19353,0.15325,39.2564,0.1794
16073,0.15339,39.3639,0.1755
5550,0.15493,39.2076,0.1679
16116,0.15509,39.2780,0.1578
18030,0.15518,39.3994,0.1759
19940,0.15591,38.9704,0.1792
13354,0.15654,39.2087,0.2103
16206,0.15838,39.0794,0.1637
440042,0.15906,39.4267,0.2837
14782,0.15922,38.9503,0.1439
15425,0.15935,39.0908,0.1430
1299775,0.16009,39.0428,0.2706
3317,0.15991,39.2286,0.1677
2689,0.16036,39.2057,0.2171
390627,0.16045,39.4242,0.2604
5103,0.16060,39.2162,0.2093
120336,0.16134,39.3106,0.2463
17825,0.16220,39.3252,0.2241
19174,0.16357,39.2807,0.2010
3087,0.16431,39.2634,0.1993
19616,0.16455,39.3293,0.1395
20764,0.16478,39.3182,0.1509
20430,0.16593,39.4938,0.2419
12843,0.16595,39.1817,0.1935
12853,0.16817,39.2757,0.1658
350233,0.16935,39.5155,0.1829
17389,0.16960,39.6721,0.2749
12856,0.17029,39.4742,0.1327
590005,0.17137,39.5424,0.2755
310039,0.17156,39.4603,0.2147
19282,0.17239,39.5021,0.1774
1303279,0.17274,39.2676,0.1523
100090,0.17282,39.7263,0.2526
3080,0.17315,39.3871,0.1318
15897,0.17357,39.5403,0.1832
120143,0.17360,39.3493,0.1515
15648,0.17383,39.5986,0.3185
14421,0.17400,39.5734,0.1371
16165,0.17405,39.3317,0.1543
5350,0.17431,39.5053,0.1840
15583,0.17427,39.5546,0.2310
19969,0.17428,39.4849,0.1626
18604,0.17483,39.7434,0.1820
14979,0.17654,39.5164,0.1355
17218,0.17697,39.5095,0.1756
14451,0.17729,39.4771,0.1383
17220,0.17769,39.3394,0.2574
370428,0.17780,39.6477,0.1315
5635,0.17839,39.9669,0.2079
6936,0.17890,39.6410,0.1573
300179,0.17896,39.7672,0.2015
13045,0.17916,39.5355,0.2298
1347120,0.17955,39.5509,0.2806
2372,0.17959,39.5519,0.1746
1303496,0.17979,39.5962,0.2089
13254,0.17990,39.9979,0.2681
14284,0.18037,39.3688,0.1376
420159,0.18059,39.5035,0.1337
330023,0.18064,39.7166,0.1792
350548,0.18067,39.6391,0.1340
360112,0.18071,39.6151,0.2462
17215,0.18080,39.6213,0.2080
370595,0.18138,39.6585,0.2260
15443,0.18123,39.4868,0.1341
1339392,0.18148,39.3953,0.2352
17332,0.18203,39.5863,0.2011
1580,0.18216,39.5259,0.1499
1250017,0.18217,39.6885,0.1524
15453,0.18243,39.7821,0.1773
17391,0.18345,39.5995,0.2942
1257695,0.18383,39.6800,0.1516
17168,0.18376,39.7520,0.1974
20048,0.18388,39.7960,0.2184
1296321,0.18444,39.9384,0.2825
15421,0.18443,39.7891,0.1427
8213,0.18468,39.6548,0.2768
15461,0.18482,39.6130,0.1349
1336453,0.18492,39.7435,0.1593
6422,0.18501,39.6347,0.1604
16281,0.18507,39.5427,0.1722
370563,0.18538,39.7882,0.1394
15365,0.18651,39.7559,0.1445
18807,0.18714,39.7694,0.1367
5994,0.18801,39.7451,0.1915
12927,0.18892,39.4384,0.1496
16100,0.18893,39.8089,0.2563
1273127,0.18937,39.9359,0.2290
18787,0.18915,40.1408,0.2005
18749,0.18931,39.7413,0.2092
440643,0.18955,39.7624,0.2386
6304,0.18979,39.7286,0.2247
762,0.19009,39.8807,0.1580
20687,0.19026,39.6892,0.2950
2440,0.19030,39.9182,0.1548
16276,0.19397,39.7983,0.2189
2246,0.19422,39.8787,0.2220
20821,0.19534,40.1343,0.4040
1253920,0.19556,39.7111,0.1566
14984,0.19549,39.9082,0.1959
15674,0.19555,39.9580,0.2123
000236,0.19602,39.7288,0.1248
15129,0.19611,39.7747,0.1580
1298893,0.19616,39.8397,0.2547
1334620,0.19624,39.8927,0.2934
13070,0.19719,39.8018,0.1416
18804,0.19726,39.6932,0.1309
1302058,0.19786,39.4920,0.1892
15222,0.19801,39.7561,0.1825
1316431,0.19815,39.8879,0.1744
13370,0.19846,40.3246,0.2386
360145,0.19860,39.8881,0.2115
19658,0.19863,39.8890,0.1745
18768,0.19892,40.0216,0.2176
110460,0.19956,39.8511,0.2542
500504,0.19948,39.6764,0.2462
560150,0.19957,39.8965,0.1716
19101,0.20062,39.6837,0.1950
470232,0.20068,39.9838,0.2530
370308,0.20074,39.7672,0.3161
590002,0.20139,39.8575,0.2170
13152,0.20216,39.6184,0.1981
19913,0.20237,39.9949,0.1597
6780,0.20268,39.8373,0.1850
14212,0.20308,39.9658,0.1466
15203,0.20314,39.8822,0.1668
16032,0.20318,39.9277,0.1738
7243,0.20323,39.9335,0.2161
15901,0.20368,39.9041,0.1715
18965,0.20454,39.8809,0.1600
110033,0.20471,39.8427,0.2023
17801,0.20515,40.1661,0.2277
15872,0.20549,39.8126,0.1749
1327978,0.20699,39.9225,0.2798
15201,0.20736,40.3160,0.3337
1283373,0.20754,40.0725,0.1490
20376,0.20831,39.7299,0.2722
15467,0.20847,39.8758,0.1468
200132,0.20856,40.1034,0.2395
15259,0.20857,39.8639,0.1977
140152,0.20864,39.8798,0.1596
16482,0.20937,39.8413,0.2621
550154,0.21003,40.1479,0.1489
19149,0.21023,39.4543,0.1860
460105,0.21071,39.9632,0.2230
14157,0.21083,39.8060,0.1557
18940,0.21099,39.9552,0.1633
1257366,0.21137,40.1415,0.2661
7847,0.21160,39.9676,0.2305
17811,0.21186,39.9136,0.1945
18927,0.21214,39.9374,0.2437
13305,0.21339,40.0218,0.1653
8495,0.21353,40.0084,0.1903
6933,0.21383,39.8874,0.1975
110567,0.21442,40.0179,0.2989
1249851,0.21511,39.8825,0.4779
14019,0.21513,40.4641,0.2294
1316,0.21566,40.2253,0.2587
100206,0.21653,39.8253,0.1415
17435,0.21674,40.0672,0.1904
7473,0.21677,40.0932,0.1853
20364,0.21729,40.1395,0.2696
13641,0.21781,39.9942,0.1748
1290816,0.21848,40.2216,0.2044
1304678,0.21884,40.1416,0.2476
9467,0.21885,40.1925,0.2407
5533,0.21887,40.1292,0.2188
1342255,0.21886,40.0296,0.1308
1302187,0.21943,40.0048,0.2090
15433,0.21935,40.1098,0.1600
000220,0.21982,40.0616,0.1243
18466,0.21967,40.0882,0.1734
14331,0.21976,40.2387,0.2202
19230,0.22005,39.9228,0.2429
7512,0.22055,40.1876,0.2253
15354,0.22069,40.0798,0.2668
370098,0.22141,40.0441,0.1433
480464,0.22141,40.0588,0.2048
1331123,0.22157,40.1937,0.1662
13025,0.22287,40.3257,0.2812
14846,0.22335,40.1511,0.1673
330083,0.22373,40.0162,0.1728
1304442,0.22451,40.1293,0.1972
550096,0.22451,39.9449,0.2458
1292560,0.22482,40.1126,0.1606
030066,0.22552,40.1491,0.1740
13727,0.22534,40.1329,0.1889
15229,0.22536,40.1856,0.1974
020096,0.22563,39.9865,0.1760
19992,0.22632,40.3912,0.2011
1315192,0.22714,40.0970,0.2285
1315259,0.22806,40.2236,0.1834
180561,0.22853,40.1604,0.3082
13072,0.22917,40.2229,0.2024
3452,0.22967,40.1351,0.1881
21033,0.23006,40.1283,0.2274
000006,0.23044,40.3062,0.2601
040780,0.23066,40.0717,0.2968
19008,0.23075,40.1049,0.2047
360140,0.23083,40.2958,0.2263
17875,0.23111,40.3169,0.1898
430004,0.23150,40.2010,0.2269
1302648,0.23171,40.0875,0.2373
1275946,0.23212,40.2045,0.1595
15369,0.23269,39.8341,0.1809
1292336,0.23356,40.1857,0.2551
350047,0.23364,40.4148,0.1964
1336687,0.23381,40.1788,0.2921
12971,0.23381,40.1389,0.2141
110536,0.23475,40.1912,0.3280
1279500,0.23471,40.2784,0.1677
1319366,0.23483,40.1580,0.1832
1298281,0.23508,40.1629,0.2752
19341,0.23543,40.2336,0.2142
15287,0.23630,40.3805,0.1557
310574,0.23649,40.2636,0.1567
13511,0.23653,40.4674,0.1931
12881,0.23671,40.1190,0.2367
16350,0.23684,40.2279,0.2102
1317277,0.23711,40.2245,0.2039
20768,0.23735,40.7365,0.3057
17884,0.23776,40.2317,0.1723
470008,0.23954,39.9059,0.2084
18486,0.23971,40.1300,0.1808
510251,0.24004,40.3847,0.2642
580300,0.24072,40.4016,0.1667
510550,0.24106,40.3291,0.1307
460064,0.24153,40.1214,0.1841
17223,0.24151,40.1720,0.2617
14481,0.24207,40.5640,0.2214
20111,0.24267,40.4217,0.2199
480064,0.24271,40.5734,0.2591
20088,0.24316,40.2516,0.1431
13506,0.24341,40.5380,0.3063
19023,0.24405,40.2956,0.2428
15466,0.24436,40.2064,0.2217
3377,0.24449,40.1263,0.1861
000174,0.24497,40.3336,0.2095
420407,0.24512,40.4957,0.1816
20039,0.24539,40.3582,0.2195
000010,0.24594,40.4318,0.1674
13835,0.24604,40.3473,0.1494
15219,0.24637,40.3780,0.1714
12977,0.24643,40.2829,0.2147
05D3mq,0.24649,40.3907,0.1552
1334645,0.24701,40.1983,0.1374
3451,0.24835,40.2030,0.1772
420087,0.24848,40.4912,0.2159
450082,0.24848,40.4276,0.1956
560152,0.24851,40.3657,0.2616
15161,0.24853,40.3256,0.1783
19990,0.24883,40.4270,0.1806
120585,0.24899,40.3167,0.1674
3199,0.24961,40.6733,0.2206
16106,0.24973,40.2961,0.2068
15868,0.24974,40.3915,0.1637
520077,0.25004,40.5965,0.2245
390449,0.25008,40.3764,0.2182
13689,0.25030,40.4145,0.1796
5717,0.25037,40.5692,0.1887
500004,0.25052,40.3009,0.1883
16213,0.25077,40.3873,0.2026
17552,0.25191,40.4698,0.2073
310161,0.25247,40.4622,0.1665
9032,0.25249,40.4066,0.2591
000034,0.25319,40.3688,0.1570
17464,0.25345,40.0303,0.2628
5736,0.25394,40.4546,0.1678
1336480,0.25605,40.6458,0.1942
1112,0.25609,40.5593,0.2717
17340,0.25625,40.3729,0.2073
9457,0.25672,40.5023,0.2517
19207,0.25721,40.5776,0.2500
18325,0.25723,40.4941,0.1936
8046,0.25760,40.6088,0.2253
6108,0.25800,40.5280,0.2312
550041,0.25847,40.4663,0.2093
1297026,0.25855,40.5100,0.1498
1303883,0.25911,40.5418,0.1637
1289664,0.25908,40.2879,0.1786
1335694,0.25912,40.4255,0.1629
12972,0.25935,40.5238,0.2338
1330426,0.25954,40.4420,0.1700
020176,0.26051,40.5033,0.1713
370498,0.26086,40.6128,0.1859
15440,0.26130,40.4470,0.2075
1337649,0.26151,40.4182,0.2255
2017,0.26162,40.6874,0.2589
19702,0.26162,40.6810,0.2333
1253,0.26166,40.3920,0.2260
13655,0.26173,40.6935,0.2491
18945,0.26187,40.7216,0.2169
13956,0.26290,41.2641,0.5146
520019,0.26309,40.6388,0.1701
04D3ez,0.26348,40.3997,0.1773
350235,0.26384,40.5588,0.1677
330022,0.26386,40.3035,0.2058
12983,0.26395,40.6342,0.3810
2943,0.26405,40.5074,0.2385
110478,0.26462,40.5153,0.1980
13099,0.26451,40.6719,0.2565
2422,0.26570,40.6087,0.2197
6315,0.26576,40.3244,0.2061
1334087,0.26629,40.2901,0.2650
18463,0.26687,40.5463,0.2049
1309288,0.26794,40.5103,0.2021
520023,0.26804,40.4623,0.2320
530037,0.26850,40.5790,0.1911
06D3fp,0.26848,40.4553,0.2404
14298,0.26879,40.6039,0.2172
510638,0.27006,40.6363,0.1970
19002,0.27010,40.5089,0.1649
310051,0.27045,40.5139,0.2093
160039,0.27085,40.4887,0.1661
380378,0.27129,40.5677,0.1234
1292332,0.27265,40.5415,0.1732
15356,0.27340,40.4721,0.2087
420258,0.27444,40.7399,0.2931
100213,0.27511,40.7769,0.2394
150254,0.27508,40.5286,0.2419
20227,0.27574,40.6631,0.2136
19051,0.27619,40.6749,0.1801
4000,0.27656,40.8504,0.2722
4046,0.27764,40.6186,0.2447
1297465,0.27784,40.9187,0.1780
5957,0.27924,40.7037,0.1643
6196,0.27980,40.5056,0.1993
040201,0.27987,40.5664,0.1533
520188,0.28049,40.6663,0.1531
18485,0.28122,40.6224,0.1748
1317286,0.28198,40.5986,0.1666
06D3dt,0.28256,40.7440,0.2974
15584,0.28333,40.6596,0.1844
310238,0.28395,40.5735,0.1541
14261,0.28436,40.5431,0.1866
16072,0.28434,40.6919,0.2071
17791,0.28468,41.1135,0.3513
440050,0.28547,40.7046,0.1860
350080,0.28577,40.6710,0.1732
20040,0.28655,40.6389,0.2175
20245,0.28723,40.5691,0.2504
17809,0.28746,40.5379,0.2389
19128,0.28763,40.8753,0.2272
1334644,0.28806,40.7075,0.1880
1313594,0.28835,40.7490,0.1378
091869,0.28843,40.7458,0.1654
2165,0.28882,40.9433,0.2260
2789,0.28890,40.7428,0.2285
1334597,0.28896,40.6763,0.1681
1310395,0.28899,40.7020,0.2772
350180,0.28952,40.9765,0.2561
1289288,0.29001,40.7393,0.2714
570056,0.28998,40.7298,0.2345
19596,0.29036,40.7861,0.2308
19027,0.29114,40.4840,0.2191
1291090,0.29199,40.7606,0.1777
1263715,0.29186,40.7653,0.1722
12841,0.29208,40.7505,0.4837
390264,0.29208,40.4229,0.2925
21006,0.29241,40.6378,0.2288
420414,0.29246,40.6952,0.2248
150509,0.29280,40.7458,0.1743
130755,0.29291,40.8268,0.2036
6249,0.29354,40.8570,0.2048
1303004,0.29496,40.7620,0.1738
19794,0.29568,41.0209,0.3079
580270,0.29576,40.9989,0.1658
1119,0.29639,40.9938,0.3661
13610,0.29683,40.6595,0.2026
1293319,0.29687,40.7505,0.2105
420196,0.29842,41.2705,0.2327
570025,0.29845,40.6539,0.2729
6137,0.29888,40.9195,0.2550
10550,0.29923,41.0113,0.3417
120444,0.29947,41.0213,0.1960
14735,0.29936,40.7335,0.1865
170428,0.30007,40.9837,0.1982
5391,0.30022,40.8795,0.2472
350078,0.30078,41.1729,0.2947
350192,0.30150,40.8585,0.1917
570022,0.30141,41.1086,0.2060
460037,0.30254,40.8894,0.2248
1339002,0.30296,40.8204,0.2747
150457,0.30339,40.9204,0.1425
7143,0.30354,41.0778,0.1975
1287626,0.30396,40.7190,0.2221
19818,0.30395,40.7052,0.1825
1335717,0.30478,41.0411,0.2428
1259412,0.30477,40.9018,0.1401
12883,0.30519,40.5924,0.3067
350630,0.30525,40.9054,0.1338
440005,0.30551,41.0041,0.2262
350027,0.30568,40.9451,0.1655
560087,0.30641,40.8959,0.2016
340334,0.30668,41.1600,0.2391
1281668,0.30697,40.9573,0.1501
520062,0.30805,41.2018,0.1397
5966,0.30822,40.9533,0.2541
1319821,0.30881,40.9954,0.1524
6699,0.30915,41.0460,0.2506
5844,0.30930,40.9757,0.2704
16211,0.30939,41.0177,0.3004
21042,0.30955,40.7200,0.2572
1300516,0.31043,40.6197,0.3364
15213,0.31053,40.9962,0.2214
500100,0.31077,41.0460,0.1826
000420,0.31152,41.0123,0.1417
1338128,0.31185,41.0377,0.2109
1337838,0.31195,40.9503,0.1604
1263369,0.31252,40.9565,0.1497
1294743,0.31258,41.0352,0.2795
20142,0.31259,40.6239,0.2062
1283878,0.31287,41.0195,0.2035
1341894,0.31294,41.0061,0.1768
19632,0.31377,41.0228,0.2144
530112,0.31444,41.1251,0.1557
15383,0.31495,41.0194,0.2278
6649,0.31509,40.8837,0.2200
110716,0.31577,41.2033,0.2333
15776,0.31582,40.9330,0.2276
6100,0.31613,41.1979,0.2741
100163,0.31773,41.0738,0.1959
1345553,0.31795,41.0772,0.1672
080646,0.31813,41.0199,0.1535
550059,0.31839,41.3345,0.3279
310188,0.31893,41.1410,0.1777
440509,0.31892,40.8941,0.2039
170078,0.32089,41.2315,0.2073
330128,0.32095,40.9546,0.1564
1266657,0.32108,41.1921,0.2934
120085,0.32214,40.7271,0.1993
580104,0.32214,40.8628,0.1582
1261579,0.32214,40.8774,0.1388
7475,0.32265,40.9316,0.2119
05D2ab,0.32454,41.0699,0.1265
050291,0.32535,41.2273,0.1933
500301,0.32550,41.2625,0.2553
18617,0.32570,41.1639,0.2713
1305626,0.32573,41.0478,0.1417
1308326,0.32622,41.0504,0.1572
14456,0.32794,41.0002,0.1718
050303,0.32829,41.3079,0.3084
530219,0.32838,41.3510,0.2787
430003,0.32843,40.9340,0.2957
1337687,0.32870,41.0716,0.1505
1306073,0.32859,41.1000,0.1442
6924,0.32860,40.9276,0.2222
1316465,0.32910,41.0566,0.1652
13934,0.32931,41.4109,0.3106
540163,0.32943,41.2391,0.1625
1301933,0.32960,41.1031,0.1148
13830,0.32985,40.8444,0.2098
120369,0.33055,41.2306,0.1316
1338675,0.33048,41.1674,0.2144
4241,0.33052,41.1689,0.2311
480184,0.33080,41.1586,0.2395
370394,0.33080,40.9960,0.2120
03D1fc,0.33094,41.0098,0.1371
580235,0.33154,41.0301,0.2187
20106,0.33137,41.2335,0.2855
370344,0.33155,41.1012,0.1660
470041,0.33179,41.0149,0.1440
1306141,0.33240,40.9770,0.1592
130862,0.33290,41.3299,0.2017
1309492,0.33353,41.0025,0.1419
1346956,0.33353,41.0366,0.1761
16093,0.33439,41.1204,0.2357
500511,0.33490,41.0251,0.1719
1346966,0.33513,41.0242,0.1779
1314897,0.33663,41.0367,0.1842
470015,0.33752,41.1678,0.2787
040782,0.33739,41.0098,0.2372
04D3kr,0.33753,41.1477,0.1761
1300912,0.33780,41.1537,0.2339
380318,0.33825,41.1450,0.2112
580276,0.33851,41.1131,0.2004
1343337,0.33900,41.0555,0.3565
04D3nh,0.34051,41.1737,0.1924
320258,0.34090,41.0587,0.1943
2533,0.34101,41.0641,0.2551
1336009,0.34176,41.2122,0.3210
1346387,0.34448,41.3081,0.1525
350606,0.34450,41.2914,0.2992
1329312,0.34479,41.2333,0.1717
470110,0.34547,41.2033,0.2302
03D1bp,0.34594,41.3318,0.1367
310090,0.34686,41.4163,0.3703
050301,0.34704,41.1174,0.2443
330089,0.34872,41.3721,0.2184
160198,0.34899,41.2499,0.1586
1258906,0.34918,41.2820,0.2060
070955,0.34920,41.1406,0.1580
380279,0.34946,41.2033,0.1686
04D2mc,0.34957,41.0050,0.2263
05D2ie,0.34956,41.3756,0.1714
440185,0.34952,41.1526,0.2058
20186,0.34957,41.4873,0.2877
1248677,0.35017,41.1867,0.1470
000196,0.35066,41.2342,0.1631
050296,0.35087,41.2532,0.1614
05D2hc,0.35157,41.4798,0.2095
120400,0.35156,41.3343,0.1390
160197,0.35361,41.3657,0.1919
05D2mp,0.35527,41.4647,0.2230
1688,0.35767,41.3574,0.2920
1334423,0.35791,41.3539,0.2153
04D3fk,0.35833,41.2423,0.2160
04D2fs,0.35858,41.1484,0.2890
1280217,0.35901,41.1532,0.3057
160070,0.35897,41.4429,0.1711
1307830,0.35949,41.4213,0.1545
050293,0.36005,41.1870,0.1912
160126,0.36023,41.0791,0.2303
470244,0.36081,41.4328,0.1975
420417,0.36138,41.1159,0.2880
1294014,0.36272,41.2452,0.2100
1346137,0.36326,41.3640,0.2151
560121,0.36491,41.4626,0.2916
100358,0.36613,41.1360,0.2262
190209,0.36648,41.2327,0.1557
1308582,0.36705,41.2088,0.1519
350083,0.36780,41.2627,0.1656
04D1hd,0.36791,41.4699,0.1584
1343533,0.36844,41.5479,0.3364
1283936,0.36862,41.4630,0.3456
15704,0.36952,41.4498,0.2444
18091,0.36977,41.2185,0.2550
510578,0.37012,41.3794,0.1888
04D2cf,0.37059,41.3759,0.1632
05D4bm,0.37051,41.3833,0.1600
13136,0.37046,41.6395,0.2566
05D3jr,0.37053,41.2730,0.2824
390471,0.37053,41.0698,0.1359
320469,0.37087,41.4098,0.3905
1291957,0.37143,41.3340,0.1681
000199,0.37160,41.3842,0.1166
05D4fo,0.37150,41.4289,0.1654
05D4cw,0.37351,41.3114,0.1330
16232,0.37426,41.4722,0.2348
1299643,0.37678,41.4155,0.1547
1282736,0.37798,41.3598,0.2232
590031,0.37859,41.4271,0.1824
7779,0.37986,41.2959,0.2199
320099,0.37989,41.4154,0.1638
500057,0.38052,41.4614,0.1880
110425,0.38083,41.4511,0.2014
1299785,0.38131,41.4549,0.2041
000011,0.38160,41.6775,0.2190
040150,0.38174,41.5615,0.1989
580275,0.38250,41.3726,0.2652
1343401,0.38284,41.3678,0.2066
1281886,0.38394,41.5182,0.2018
360139,0.38594,41.5217,0.1521
1338170,0.38677,41.3791,0.2708
550218,0.38735,41.5567,0.2735
050251,0.38772,41.6302,0.2839
420352,0.38886,41.3830,0.1996
1290779,0.38951,41.5440,0.1922
120086,0.39262,41.4742,0.2373
1291794,0.39512,41.4677,0.2036
1296273,0.39698,41.2590,0.1685
1333438,0.39946,41.7119,0.2878
05D4ff,0.40048,41.4918,0.1583
110734,0.40212,41.4795,0.1995
580312,0.40286,41.5478,0.2904
1329615,0.40361,41.6160,0.2138
06D3ed,0.40454,41.6747,0.1660
350050,0.40472,41.3373,0.2020
05D4dt,0.40547,41.7807,0.1355
1308314,0.40648,41.6914,0.1688
1341370,0.40900,41.7002,0.2400
1306390,0.40911,41.7405,0.3637
450339,0.40927,41.7061,0.2750
06D4cq,0.40947,41.6784,0.1722
020090,0.40995,41.6836,0.2800
1307277,0.41114,41.6620,0.3181
530251,0.41131,41.8335,0.2427
520071,0.41152,41.8131,0.1491
1315296,0.41258,41.7893,0.3301
04D2fp,0.41664,41.7295,0.1492
05D2dw,0.41864,41.6174,0.2021
440162,0.41927,41.6863,0.1926
550137,0.41931,41.4604,0.2226
1289600,0.41962,41.8662,0.2246
05D3cf,0.41956,41.7981,0.2358
1340454,0.41997,41.4394,0.2944
550202,0.42027,41.8343,0.3442
1306626,0.42090,41.6178,0.1764
110430,0.42085,41.7280,0.2501
1306991,0.42199,41.5336,0.2708
04D4gg,0.42245,41.6483,0.2317
1345594,0.42242,41.6796,0.2754
490037,0.42355,41.5955,0.1865
160200,0.42349,41.8403,0.4008
1302523,0.42392,41.7264,0.1342
1312274,0.42451,41.7483,0.1958
1295027,0.42562,41.7039,0.1955
1258940,0.42594,41.7517,0.1754
050003,0.42689,41.8130,0.2295
110542,0.42694,41.8348,0.1983
110719,0.42784,42.2757,0.2386
05D2cb,0.42865,41.8825,0.4035
440236,0.42888,41.6443,0.1934
1306029,0.42895,41.8266,0.2508
100101,0.42967,41.9219,0.1981
080723,0.43013,41.8354,0.1658
04D1rh,0.43487,41.7828,0.1837
06D4co,0.43544,41.5839,0.1336
000142,0.43673,42.0051,0.1818
1336008,0.43765,41.6253,0.1661
1333246,0.43774,41.8820,0.3569
1310338,0.43883,41.4679,0.2112
560027,0.43883,41.6682,0.2800
050607,0.43926,41.8262,0.2028
040166,0.44004,42.1401,0.4419
510266,0.44059,41.6364,0.1602
1328105,0.44154,41.6823,0.1836
1295256,0.44246,41.8523,0.1729
06D3df,0.44254,41.9039,0.1397
06D2gb,0.44368,41.7930,0.1822
1291080,0.44384,41.8069,0.2903
040137,0.44756,41.8552,0.2240
1328066,0.44890,41.8853,0.2218
1320166,0.44896,41.9875,0.2156
050580,0.45060,41.6446,0.1577
520016,0.45100,41.9281,0.2134
04D2gb,0.45169,41.5892,0.2253
120094,0.45169,41.9923,0.1547
04D3gt,0.45155,41.7162,0.3054
1290127,0.45223,41.9959,0.3201
1253101,0.45333,41.7953,0.2078
1253039,0.45347,41.8863,0.1441
1334302,0.45463,41.7873,0.2092
1306360,0.45478,41.8839,0.2841
1345582,0.45878,41.9679,0.2522
380199,0.46055,42.0021,0.1909
510597,0.46098,42.0162,0.2303
05D3lc,0.46156,41.9839,0.1384
03D4au,0.46641,42.3424,0.3965
000215,0.46660,42.0480,0.1359
04D4jr,0.46840,41.9733,0.2061
1339149,0.46880,41.7631,0.2340
04D4ju,0.47039,42.2151,0.4045
05D3mx,0.47057,42.0135,0.1806
370367,0.47170,41.9798,0.2109
1316437,0.47196,42.0374,0.2569
05D2bv,0.47572,41.9380,0.1771
370329,0.47793,42.2269,0.2283
310146,0.47943,41.8695,0.2039
1306537,0.47948,42.0107,0.1990
560054,0.47980,41.8956,0.2378
05D3dd,0.48056,42.0041,0.1604
05D2ac,0.48071,41.9748,0.1392
120044,0.48171,42.3055,0.2109
05D1ix,0.48881,42.0842,0.1997
1292145,0.49246,42.2783,0.3354
1343208,0.49501,42.0821,0.1650
1305504,0.49560,42.1453,0.1209
03D1ax,0.49572,42.0817,0.1539
05D4af,0.49737,42.1268,0.2259
06D2bk,0.50073,42.2570,0.2538
350374,0.50090,42.1165,0.2831
1337272,0.50276,42.1610,0.2185
030006,0.50276,42.0703,0.3129
510457,0.50300,42.1484,0.3113
03D1au,0.50309,42.1444,0.2287
1335472,0.50598,42.0790,0.1667
1343759,0.50617,42.1043,0.1517
310091,0.50716,42.2358,0.1810
05D4av,0.50737,42.2419,0.2888
090201,0.50817,42.0193,0.1843
180313,0.51006,42.0945,0.1444
110484,0.51087,42.0583,0.2391
05D2dy,0.51175,42.3885,0.2273
04D1pg,0.51380,42.2567,0.3597
04D4in,0.51435,42.2259,0.1962
04D2mj,0.51475,42.3259,0.4029
1338430,0.51718,42.0932,0.1904
1334470,0.51876,42.1949,0.2504
310260,0.51879,42.1824,0.2096
450175,0.51943,42.2438,0.3151
06D3el,0.51960,42.2905,0.1965
04D2gc,0.52277,42.3496,0.2739
1295921,0.52393,42.1774,0.3692
1322229,0.52613,42.1702,0.2233
050005,0.52851,42.0855,0.1888
1322979,0.52939,42.2913,0.1410
330106,0.53091,41.8802,0.2343
160066,0.53105,42.5109,0.2893
1338471,0.53117,42.5253,0.3809
1337703,0.53226,41.9821,0.2220
06D2ca,0.53277,42.2472,0.2944
06D2cc,0.53377,42.1649,0.2738
05D4ek,0.53433,42.1433,0.2253
05D4be,0.53532,42.3205,0.2047
05D2eb,0.53578,42.2134,0.2095
1289656,0.53944,42.3338,0.2445
110426,0.54089,42.2791,0.2334
1324542,0.54154,42.5300,0.2425
520041,0.54540,42.5633,0.1914
04D4bq,0.54832,42.0235,0.3632
1306980,0.54886,42.1695,0.3786
050201,0.55011,42.3253,0.1959
06D4bo,0.55031,42.3728,0.2085
1339450,0.55048,42.4104,0.3763
04D3hn,0.55260,42.1938,0.2442
06D2ck,0.55380,42.4900,0.2071
1337117,0.55389,42.0827,0.1774
05D1ee,0.55775,42.4389,0.1952
05D1kl,0.55875,42.7331,0.3833
04D1hx,0.55875,42.2975,0.3562
1289555,0.56174,42.2937,0.2278
1303952,0.56263,42.6016,0.2652
05D1cc,0.56276,42.4296,0.2347
1285317,0.56441,42.3928,0.2211
1330903,0.56430,42.4881,0.2076
1338278,0.56431,42.3969,0.2965
05D1dn,0.56475,42.4873,0.1928
1317454,0.56883,42.2407,0.2623
1306785,0.57535,42.1912,0.4529
05D2dt,0.57583,42.5915,0.2132
050203,0.57609,42.4887,0.2021
06D3et,0.57661,42.4263,0.1668
1337228,0.57741,42.6450,0.2909
03D4gf,0.57829,42.4174,0.2449
110721,0.57823,42.4512,0.2412
05D1dx,0.57875,42.4272,0.2144
1332059,0.57884,42.5317,0.2317
05D3jq,0.57959,42.3923,0.2312
05D3gp,0.58060,42.5730,0.2625
03D1aw,0.58073,42.7061,0.2398
04D1jg,0.58294,42.5408,0.1680
05D4ej,0.58328,42.7974,0.1862
04D1kj,0.58375,42.4765,0.1985
04D1sa,0.58375,42.6489,0.1848
1338387,0.58382,42.4199,0.1994
05D1hm,0.58575,42.7070,0.3730
05D4bf,0.58728,42.6241,0.2030
04D1oh,0.58873,42.5021,0.2200
03D4gg,0.59028,42.5156,0.2483
04D2mh,0.59184,42.4508,0.2558
05D3lr,0.60060,42.6116,0.2788
1338233,0.60149,42.7562,0.3948
05D4ef,0.60327,42.7503,0.2001
1335564,0.60620,42.6158,0.2751
03D4dy,0.60826,42.5904,0.2284
1302141,0.60880,42.4282,0.3503
1332413,0.60873,42.6179,0.2308
05D2he,0.60987,42.6876,0.3215
04D3do,0.61064,42.6686,0.1842
04D4an,0.61125,42.9049,0.2477
1295305,0.61171,42.7010,0.1644
05D1ck,0.61571,42.7085,0.3473
1308957,0.61869,42.7164,0.3888
1335868,0.61942,42.6948,0.2753
000202,0.61988,42.7557,0.1549
04D3co,0.62063,42.6988,0.2681
04D2an,0.62188,42.5894,0.2756
03D4dh,0.62523,42.6577,0.2151
04D4fx,0.62723,42.5850,0.2440
05D1cb,0.63071,42.6632,0.2029
05D2ci,0.63189,42.3111,0.3270
03D4at,0.63223,42.8493,0.3237
1330642,0.63392,42.5972,0.1476
04D1pu,0.63771,42.5298,0.4429
1343871,0.63787,42.8637,0.3108
05D4ag,0.63823,42.6594,0.3675
1337325,0.63866,42.7804,0.2616
1334879,0.63936,42.7900,0.1718
05D2ec,0.64190,42.8476,0.2569
1308568,0.64305,42.3609,0.4078
04D3cy,0.64364,42.7992,0.3098
05D3ax,0.64363,42.8034,0.3165
05D3lb,0.64763,42.8190,0.2884
1338266,0.64846,43.0397,0.2724
05D3kt,0.64863,42.7335,0.3107
1334707,0.64964,42.7805,0.1496
04D1sk,0.66207,42.9793,0.2798
05D3hs,0.66463,42.8698,0.2340
05D3mh,0.67065,43.0677,0.2748
03D1co,0.67767,43.2251,0.3118
05D2bt,0.68195,42.8376,0.2394
06D3cc,0.68365,43.1716,0.4077
04D4ic,0.68517,43.0166,0.3662
05D1ke,0.68867,42.8137,0.2265
1262715,0.68937,42.8535,0.1568
1262214,0.68937,43.0444,0.2720
06D3em,0.69065,42.9143,0.4259
03D4cz,0.69316,42.9162,0.3180
04D4ib,0.69716,42.9692,0.2127
06D4ba,0.69816,42.9671,0.3428
05D4bj,0.69916,42.9402,0.3385
05D4cq,0.69916,43.0691,0.2153
1335718,0.69933,43.1107,0.1559
05D2ck,0.69997,43.1147,0.2954
04D1si,0.70064,42.9170,0.2232
04D4hu,0.70115,43.0968,0.2616
04D2iu,0.70197,42.8962,0.4627
05D2le,0.70198,43.0433,0.2528
05D3gv,0.71565,42.9944,0.2459
05D3jh,0.71867,42.8739,0.1884
1331993,0.71962,43.1638,0.2045
04D1aj,0.71964,42.9700,0.3422
05D4ev,0.72013,43.1612,0.2432
06D3gh,0.72067,43.0459,0.3052
06D3do,0.72667,43.0811,0.2484
06D3bz,0.72767,43.0080,0.2571
1304127,0.72861,43.0050,0.2835
06D4bw,0.73012,42.9186,0.3220
1329166,0.73163,43.1799,0.1964
04D1pp,0.73362,42.9845,0.1959
04D2gp,0.73400,43.2200,0.3883
05D2fq,0.73501,43.2537,0.2246
05D1eo,0.73562,43.1807,0.2571
05D2ct,0.73602,43.1675,0.4256
05D3jk,0.73668,42.9920,0.2149
04D2ja,0.74202,43.4813,0.3251
04D3fq,0.74269,43.0825,0.3272
05D3jb,0.74566,43.1675,0.1952
04D2kr,0.74613,42.9817,0.2547
04D4im,0.74910,42.9396,0.2625
1285160,0.74932,43.1772,0.1632
04D3ks,0.75068,42.9012,0.3187
05D2nt,0.75904,43.2469,0.2332
05D3mn,0.76069,43.0667,0.2012
05D4cn,0.76108,43.1767,0.2366
05D1if,0.76159,43.1310,0.2399
04D1qd,0.76560,43.2369,0.2254
04D1de,0.76660,43.4224,0.2502
05D3hh,0.76668,43.3623,0.2702
04D4id,0.76707,43.5587,0.2571
04D1pc,0.76860,43.2929,0.3117
1329196,0.76933,43.2168,0.1627
05D4bi,0.77308,43.3568,0.2951
1325358,0.77931,43.0395,0.3111
05D4cs,0.78806,43.3042,0.2320
03D4fd,0.78905,43.3837,0.2712
1309749,0.78929,43.1995,0.1656
04D1ks,0.79656,42.9026,0.3721
03D1fq,0.79858,43.4338,0.2881
Elvis,0.83973,43.3600,0.2118
Spock,0.83973,43.2012,0.3904
Manipogo,0.85474,43.6168,0.2999
Vilas,0.93577,43.5331,0.2399
Ombo,0.97424,44.1111,0.2015
SCP05D0,1.01236,44.1177,0.3671
Eagle,1.01980,44.2757,0.2259
Ferguson,1.02081,43.9706,0.4755
Strolger,1.02781,44.5364,0.3534
SCP06U4,1.04819,44.4229,0.4888
Gabi,1.12085,44.4405,0.2236
SCP06H5,1.23223,44.3207,0.6105
Lancaster,1.23589,44.9050,0.2737
Aphrodite,1.29912,44.8641,0.2753
Thoth,1.30412,44.7206,0.3165
Inanna,1.30612,45.0197,0.4452
SCP05D6,1.31311,44.7867,0.3163
washington,1.32911,44.8745,0.2383
Borg,1.34093,44.7541,0.3064
SCP06G4,1.35134,44.5492,0.3185
Mcguire,1.35610,44.8094,0.2383
Sasquatch,1.39096,44.7944,0.3743
SCP06K0,1.41631,44.4579,0.7358
carter,1.54295,45.0902,0.3710
Primo,1.54903,45.2930,0.2338
